Workbook

Sheet UAT Result
A1: TỔNG KẾT UAT — Document Numbers
A2: Cập nhật lúc: 26/05/2026 02:10
A3: Modules: A11Y — Color Contrast, A11Y — Color Independent, A11Y — Destructive Action, A11Y — DocNumberPreviewField, A11Y — DocNumberPreviewField OVERRIDE, A11Y — Error Messages, A11Y — Focus Visible, A11Y — Full Keyboard Nav, A11Y — Keyboard Drag, A11Y — Live Region, A11Y — Modal Announce, A11Y — Sort, A11Y — Table, A11Y — TemplateFormModal, Atomic Transaction RED, Audit Log, Audit Log — Fields, Audit Log — Filter, Audit Log — Filter Date, Auth RED, Auth Role Tamper RED, Auth — Forbidden, Auth — RED, Auth — Suspended User RED, Auth — Token Expired, Auth — Unauthorized, Boundary INT Max RED, Boundary — Pagination, Boundary — Pagination Negative, Boundary — Template Name Length, Boundary — maxValue Minimum, COMPAT — Android, COMPAT — Brave, COMPAT — Browser, COMPAT — Drag Drop Chrome, COMPAT — Edge Accessibility, COMPAT — Firefox, COMPAT — High Contrast, COMPAT — Mobile, COMPAT — NVDA, COMPAT — Safari, COMPAT — Tablet, COMPAT — Text Zoom, COMPAT — Windows 10, COMPAT — iOS, Commit Number, Commit Number — Incident Integration, Commit Number — Petition Integration, Commit Number — RED, Commit RED, Commit Validation, Commit Validation RED, Commit — Max Retry RED, Commit — No Template RED, Commit — RED, Commit — draftPreview RED, Concurrency Stress P0, Concurrency — Basic, Concurrency — Exhaust RED, Concurrency — Reset RED, Concurrency — Reset+Commit RED, Concurrency — Row Lock, Concurrency — Stress, Content Negotiation — RED, Counter Cold Start, Counter Cold Start RED, Counter Config Change RED, Counter Exhausted WEEKLY, Counter Exhausted — MONTHLY, Counter Exhausted — NEVER, Counter Padding, Counter — Cold Start, Data — Empty Separator, Data — Special Chars, Data — XSS Stored, Data — i18n, Deploy — RED, Draft Log Accumulation RED, Draft Number, Draft Number — RED, Draft — Concurrent RED, Draft — Inactive Template RED, Draft — No Template, Draft — RED, EP — documentType, EP — inputMode, EP — resetPeriod, Filter — Date Format RED, Filter — RED, Formula Engine, Formula Engine — Context, Formula Engine — Segments, HTTP Method — RED, IDOR — Log Update RED, Infrastructure RED, Infrastructure — RED, Integration — Case List, Integration — Case atomic commit, Integration — Case from Petition with Incident, Integration — Delegation atomic commit, Integration — Incident, Integration — Incident atomic commit, Integration — Petition, Integration — Petition atomic commit, Integration — Proposal atomic commit, Log Filter — RED, Log Immutability RED, Log Update, Log Update — Immutable RED, Log Update — RED, No-Counter Template Commit RED, Pagination — RED, Performance — Commit, Performance — Draft, Performance — Draft Concurrency, Performance — UI, Period Key, Period Key — Year Boundary, Recovery — Backend Restart, Recovery — DB Rollback, Regression — Case List caseCode, Regression — Incident Create, Regression — Incident List, Regression — Petition Create, Regression — Sidebar, Regression — Uniqueness, Reset Counter, Reset Counter RED, Role × Endpoint Matrix, Security Account Delete P0, Security Authorization P0, Security Enumeration P0, Security Forced Browse P0, Security Header — RED, Security Input — RED, Security JWT Alg None P0, Security Mass Delete P0, Security Path Traversal — RED, Security Replay P0, Security SQL Injection P0, Security XSS Stored — RED, Security — Auth, Security — CORS, Security — CSRF, Security — Content Type, Security — Data Exposure, Security — Data Isolation, Security — Error Handling, Security — IDOR, Security — Info Leak, Security — Input, Security — Long Payload, Security — Mass Assignment, Security — Null Byte, Security — Privilege Escalation, Security — Prototype Pollution, Security — Rate Limit, Security — Replay, Security — Stats IDOR, Security — Timing, Security — Token Revocation, Security — Token Role, Security — XSS, Settings Page, Settings Page — Create, Settings Page — Edit, Stats After Reset RED, Stats Freshness RED, Template CRUD, Template CRUD — RED, Template Config Change RED, Template Constraint — RED, Template Default RED, Template Delete Constraint RED, Template Delete — RED, Template Minimal Segments RED, Template Preview, Template Preview — RED, Template State, Template State — Active Constraint, Template State — Commit RED, Template State — Counter Reset, Template State — Delete, Template Stats, Template Stats — RED, Template Uniqueness Constraint RED, Template Update Consistency RED, Template Update — RED, Template Validation, Template Validation RED, Template Validation — Case Sensitive RED, Template Validation — Duplicate COUNTER RED, Template Validation — Edge, Template Validation — NaN RED, Template Validation — RED, Template Validation — Segments Limit RED, Template Validation — Separator RED, Template Validation — documentType enum RED, Transaction Isolation RED, UI — DocNumberPreviewField, UI — SegmentBuilder, UI — SegmentBuilder — Preview, UI — Settings Page, UI — Settings Page — Role, UI — TemplateFormModal, Usability — Changed Toast, Usability — Live Preview, Usability — Loading State, Usability — Reset Confirm
A5: Chỉ tiêu | B5: Giá trị | C5: Ghi chú
A6: Tổng số TC | B6: 315
A7: ✅ Đạt (cả 2 layer) | B7: 22 | C7: 7.0%
A9: Layer 1 — API smoke
A10: API Pass | B10: 179 | C10: 56.8%
A11: API Fail | B11: 100
A12: API Skip/Blocked | B12: 4
A14: Layer 2 — UI E2E
A15: E2E Pass | B15: 28 | C15: 8.9%
A16: E2E Fail | B16: 9
A17: E2E Skip (API gate) | B17: 0
A19: Bug phát hiện
A20: P0/Critical fail | B20: 35 | C20: 🚨 BLOCKER
A21: P1/High fail | B21: 52 | C21: ⚠️ High priority
A23: Exit Criteria
A24: P0 100% pass | B24: ❌ FAIL
A25: P1 >= 95% pass | B25: ❌ FAIL
A26: Overall >= 80% | B26: ❌ FAIL | C26: 7.0%

Sheet Summary
A1: 📊 DASHBOARD - UAT EXECUTION SUMMARY
A3: TỔNG QUAN
A4: Tổng số TC | B4: 315 | C4: Số test case đã viết
A5: ✅ Đạt (cả 2 layer) | B5: =SUMPRODUCT(('Test Cases'!R4:R318="Đạt")*('Test Cases'!S4:S318="Đạt")) | C5: TC pass cả API VÀ E2E
A6: ❌ Không đạt | B6: =SUMPRODUCT((('Test Cases'!R4:R318="Không đạt")+('Test Cases'!S4:S318="Không đạt"))>0)*1 | C6: TC fail ít nhất 1 layer
A7: API Đạt | B7: =COUNTIF('Test Cases'!R4:R318,"Đạt") | C7: Layer 1 — API smoke
A8: API Không đạt | B8: =COUNTIF('Test Cases'!R4:R318,"Không đạt") | C8: API fail
A9: E2E Đạt | B9: =COUNTIF('Test Cases'!S4:S318,"Đạt") | C9: Layer 2 — UI E2E
A10: E2E Không đạt | B10: =COUNTIF('Test Cases'!S4:S318,"Không đạt") | C10: E2E fail
A11: E2E Bỏ qua | B11: =COUNTIF('Test Cases'!S4:S318,"Bỏ qua") | C11: Skip do API smoke fail
A12: Chưa chạy | B12: =COUNTBLANK('Test Cases'!R4:R318)+COUNTIF('Test Cases'!R4:R318,"Chưa chạy") | C12: Còn lại
A14: Tỷ lệ đạt (cả 2 layer) | B14: =IFERROR(SUMPRODUCT(('Test Cases'!R4:R318="Đạt")*('Test Cases'!S4:S318="Đạt"))/(SUMPRODUCT(('Test Cases'!R4:R318="Đạt")*('Test Cases'!S4:S318="Đạt"))+SUMPRODUCT((('Test Cases'!R4:R318="Không đạt")+('Test Cases'!S4:S318="Không đạt"))>0)),0) | C14: API+E2E đều Đạt / Tổng đã chạy
A15: API pass rate | B15: =IFERROR(COUNTIF('Test Cases'!R4:R318,"Đạt")/(COUNTIF('Test Cases'!R4:R318,"Đạt")+COUNTIF('Test Cases'!R4:R318,"Không đạt")),0) | C15: Layer 1
A16: E2E pass rate | B16: =IFERROR(COUNTIF('Test Cases'!S4:S318,"Đạt")/(COUNTIF('Test Cases'!S4:S318,"Đạt")+COUNTIF('Test Cases'!S4:S318,"Không đạt")),0) | C16: Layer 2 (UI Chromium)
A17: Tỷ lệ hoàn thành | B17: =IFERROR((COUNTIF('Test Cases'!R4:R318,"Đạt")+COUNTIF('Test Cases'!R4:R318,"Không đạt")+COUNTIF('Test Cases'!R4:R318,"Bị chặn"))/315,0) | C17: API đã chạy / Tổng
A19: ĐỘ PHỦ THEO LOẠI
A20: Loại | B20: Số TC | C20: Tỷ lệ | D20: Pass | E20: Fail | F20: Pass rate
A21: GREEN | B21: =COUNTIF('Test Cases'!B4:B318,"GREEN") | C21: =IFERROR(B21/315,0) | D21: =COUNTIFS('Test Cases'!B4:B318,"GREEN",'Test Cases'!S4:S318,"Đạt") | E21: =COUNTIFS('Test Cases'!B4:B318,"GREEN",'Test Cases'!S4:S318,"Không đạt") | F21: =IFERROR(D21/(D21+E21),0)
A22: RED | B22: =COUNTIF('Test Cases'!B4:B318,"RED") | C22: =IFERROR(B22/315,0) | D22: =COUNTIFS('Test Cases'!B4:B318,"RED",'Test Cases'!S4:S318,"Đạt") | E22: =COUNTIFS('Test Cases'!B4:B318,"RED",'Test Cases'!S4:S318,"Không đạt") | F22: =IFERROR(D22/(D22+E22),0)
A23: EDGE | B23: =COUNTIF('Test Cases'!B4:B318,"EDGE") | C23: =IFERROR(B23/315,0) | D23: =COUNTIFS('Test Cases'!B4:B318,"EDGE",'Test Cases'!S4:S318,"Đạt") | E23: =COUNTIFS('Test Cases'!B4:B318,"EDGE",'Test Cases'!S4:S318,"Không đạt") | F23: =IFERROR(D23/(D23+E23),0)
A24: BOUNDARY | B24: =COUNTIF('Test Cases'!B4:B318,"BOUNDARY") | C24: =IFERROR(B24/315,0) | D24: =COUNTIFS('Test Cases'!B4:B318,"BOUNDARY",'Test Cases'!S4:S318,"Đạt") | E24: =COUNTIFS('Test Cases'!B4:B318,"BOUNDARY",'Test Cases'!S4:S318,"Không đạt") | F24: =IFERROR(D24/(D24+E24),0)
A25: EP | B25: =COUNTIF('Test Cases'!B4:B318,"EP") | C25: =IFERROR(B25/315,0) | D25: =COUNTIFS('Test Cases'!B4:B318,"EP",'Test Cases'!S4:S318,"Đạt") | E25: =COUNTIFS('Test Cases'!B4:B318,"EP",'Test Cases'!S4:S318,"Không đạt") | F25: =IFERROR(D25/(D25+E25),0)
A26: STATE | B26: =COUNTIF('Test Cases'!B4:B318,"STATE") | C26: =IFERROR(B26/315,0) | D26: =COUNTIFS('Test Cases'!B4:B318,"STATE",'Test Cases'!S4:S318,"Đạt") | E26: =COUNTIFS('Test Cases'!B4:B318,"STATE",'Test Cases'!S4:S318,"Không đạt") | F26: =IFERROR(D26/(D26+E26),0)
A27: DECISION | B27: =COUNTIF('Test Cases'!B4:B318,"DECISION") | C27: =IFERROR(B27/315,0) | D27: =COUNTIFS('Test Cases'!B4:B318,"DECISION",'Test Cases'!S4:S318,"Đạt") | E27: =COUNTIFS('Test Cases'!B4:B318,"DECISION",'Test Cases'!S4:S318,"Không đạt") | F27: =IFERROR(D27/(D27+E27),0)
A28: SECURITY | B28: =COUNTIF('Test Cases'!B4:B318,"SECURITY") | C28: =IFERROR(B28/315,0) | D28: =COUNTIFS('Test Cases'!B4:B318,"SECURITY",'Test Cases'!S4:S318,"Đạt") | E28: =COUNTIFS('Test Cases'!B4:B318,"SECURITY",'Test Cases'!S4:S318,"Không đạt") | F28: =IFERROR(D28/(D28+E28),0)
A29: DATA | B29: =COUNTIF('Test Cases'!B4:B318,"DATA") | C29: =IFERROR(B29/315,0) | D29: =COUNTIFS('Test Cases'!B4:B318,"DATA",'Test Cases'!S4:S318,"Đạt") | E29: =COUNTIFS('Test Cases'!B4:B318,"DATA",'Test Cases'!S4:S318,"Không đạt") | F29: =IFERROR(D29/(D29+E29),0)
A30: PERFORMANCE | B30: =COUNTIF('Test Cases'!B4:B318,"PERFORMANCE") | C30: =IFERROR(B30/315,0) | D30: =COUNTIFS('Test Cases'!B4:B318,"PERFORMANCE",'Test Cases'!S4:S318,"Đạt") | E30: =COUNTIFS('Test Cases'!B4:B318,"PERFORMANCE",'Test Cases'!S4:S318,"Không đạt") | F30: =IFERROR(D30/(D30+E30),0)
A31: A11Y | B31: =COUNTIF('Test Cases'!B4:B318,"A11Y") | C31: =IFERROR(B31/315,0) | D31: =COUNTIFS('Test Cases'!B4:B318,"A11Y",'Test Cases'!S4:S318,"Đạt") | E31: =COUNTIFS('Test Cases'!B4:B318,"A11Y",'Test Cases'!S4:S318,"Không đạt") | F31: =IFERROR(D31/(D31+E31),0)
A32: COMPAT | B32: =COUNTIF('Test Cases'!B4:B318,"COMPAT") | C32: =IFERROR(B32/315,0) | D32: =COUNTIFS('Test Cases'!B4:B318,"COMPAT",'Test Cases'!S4:S318,"Đạt") | E32: =COUNTIFS('Test Cases'!B4:B318,"COMPAT",'Test Cases'!S4:S318,"Không đạt") | F32: =IFERROR(D32/(D32+E32),0)
A33: INTEGRATION | B33: =COUNTIF('Test Cases'!B4:B318,"INTEGRATION") | C33: =IFERROR(B33/315,0) | D33: =COUNTIFS('Test Cases'!B4:B318,"INTEGRATION",'Test Cases'!S4:S318,"Đạt") | E33: =COUNTIFS('Test Cases'!B4:B318,"INTEGRATION",'Test Cases'!S4:S318,"Không đạt") | F33: =IFERROR(D33/(D33+E33),0)
A34: REGRESSION | B34: =COUNTIF('Test Cases'!B4:B318,"REGRESSION") | C34: =IFERROR(B34/315,0) | D34: =COUNTIFS('Test Cases'!B4:B318,"REGRESSION",'Test Cases'!S4:S318,"Đạt") | E34: =COUNTIFS('Test Cases'!B4:B318,"REGRESSION",'Test Cases'!S4:S318,"Không đạt") | F34: =IFERROR(D34/(D34+E34),0)
A35: RECOVERY | B35: =COUNTIF('Test Cases'!B4:B318,"RECOVERY") | C35: =IFERROR(B35/315,0) | D35: =COUNTIFS('Test Cases'!B4:B318,"RECOVERY",'Test Cases'!S4:S318,"Đạt") | E35: =COUNTIFS('Test Cases'!B4:B318,"RECOVERY",'Test Cases'!S4:S318,"Không đạt") | F35: =IFERROR(D35/(D35+E35),0)
A36: AUDIT | B36: =COUNTIF('Test Cases'!B4:B318,"AUDIT") | C36: =IFERROR(B36/315,0) | D36: =COUNTIFS('Test Cases'!B4:B318,"AUDIT",'Test Cases'!S4:S318,"Đạt") | E36: =COUNTIFS('Test Cases'!B4:B318,"AUDIT",'Test Cases'!S4:S318,"Không đạt") | F36: =IFERROR(D36/(D36+E36),0)
A37: USABILITY | B37: =COUNTIF('Test Cases'!B4:B318,"USABILITY") | C37: =IFERROR(B37/315,0) | D37: =COUNTIFS('Test Cases'!B4:B318,"USABILITY",'Test Cases'!S4:S318,"Đạt") | E37: =COUNTIFS('Test Cases'!B4:B318,"USABILITY",'Test Cases'!S4:S318,"Không đạt") | F37: =IFERROR(D37/(D37+E37),0)
A39: THEO ĐỘ ƯU TIÊN
A40: Priority | B40: Số TC | C40: Tỷ lệ | D40: Pass | E40: Fail | F40: Pass rate
A41: P0 | B41: =COUNTIF('Test Cases'!C4:C318,"P0") | C41: =IFERROR(B41/315,0) | D41: =COUNTIFS('Test Cases'!C4:C318,"P0",'Test Cases'!S4:S318,"Đạt") | E41: =COUNTIFS('Test Cases'!C4:C318,"P0",'Test Cases'!S4:S318,"Không đạt") | F41: =IFERROR(D41/(D41+E41),0)
A42: P1 | B42: =COUNTIF('Test Cases'!C4:C318,"P1") | C42: =IFERROR(B42/315,0) | D42: =COUNTIFS('Test Cases'!C4:C318,"P1",'Test Cases'!S4:S318,"Đạt") | E42: =COUNTIFS('Test Cases'!C4:C318,"P1",'Test Cases'!S4:S318,"Không đạt") | F42: =IFERROR(D42/(D42+E42),0)
A43: P2 | B43: =COUNTIF('Test Cases'!C4:C318,"P2") | C43: =IFERROR(B43/315,0) | D43: =COUNTIFS('Test Cases'!C4:C318,"P2",'Test Cases'!S4:S318,"Đạt") | E43: =COUNTIFS('Test Cases'!C4:C318,"P2",'Test Cases'!S4:S318,"Không đạt") | F43: =IFERROR(D43/(D43+E43),0)
A44: P3 | B44: =COUNTIF('Test Cases'!C4:C318,"P3") | C44: =IFERROR(B44/315,0) | D44: =COUNTIFS('Test Cases'!C4:C318,"P3",'Test Cases'!S4:S318,"Đạt") | E44: =COUNTIFS('Test Cases'!C4:C318,"P3",'Test Cases'!S4:S318,"Không đạt") | F44: =IFERROR(D44/(D44+E44),0)
A46: EXIT CRITERIA
A47: Tiêu chí | B47: Yêu cầu | C47: Thực tế | D47: Trạng thái
A48: P0 pass rate | B48: ≥ 100% | C48: =IFERROR(COUNTIFS('Test Cases'!C4:C318,"P0",'Test Cases'!S4:S318,"Đạt")/COUNTIF('Test Cases'!C4:C318,"P0"),0) | D48: =IF(C48>=1,"✅ Đạt","❌ Chưa đạt")
A49: P1 pass rate | B49: ≥ 95% | C49: =IFERROR(COUNTIFS('Test Cases'!C4:C318,"P1",'Test Cases'!S4:S318,"Đạt")/COUNTIF('Test Cases'!C4:C318,"P1"),0) | D49: =IF(C49>=0.95,"✅ Đạt","❌ Chưa đạt")
A50: P2 pass rate | B50: ≥ 85% | C50: =IFERROR(COUNTIFS('Test Cases'!C4:C318,"P2",'Test Cases'!S4:S318,"Đạt")/MAX(COUNTIF('Test Cases'!C4:C318,"P2"),1),1) | D50: =IF(C50>=0.85,"✅ Đạt","❌ Chưa đạt")
A51: Bug Critical mở | B51: =0 | C51: =COUNTIFS('Bug Tracker'!D:D,"Critical",'Bug Tracker'!E:E,"Open")+COUNTIFS('Bug Tracker'!D:D,"Critical",'Bug Tracker'!E:E,"Fixing")+COUNTIFS('Bug Tracker'!D:D,"Critical",'Bug Tracker'!E:E,"Fixed") | D51: =IF(C51=0,"✅ Đạt","❌ Chưa đạt")
A52: TC bị regression | B52: =0 | C52: =COUNTIF('Test Cases'!U:U,"⚠️ REGRESSION") | D52: =IF(C52=0,"✅ Không có","🚨 BLOCK RELEASE")
A53: Regression chưa fix | B53: =0 | C53: =COUNTIF('Regression Log'!K:K,"No")+COUNTIF('Regression Log'!K:K,"Verifying") | D53: =IF(C53=0,"✅ Không có","🚨 BLOCK RELEASE")
A55: =IF(OR(C52>0,C53>0),"🚨 CẢNH BÁO REGRESSION: "&C52&" TC level-down, "&C53&" bug regression chưa fix - XEM Regression Log sheet","")
A57: =IF(AND(C48>=1,C49>=0.95,C50>=0.85,C51=0,C52=0,C53=0),"🎉 SẴN SÀNG RELEASE",IF(OR(C52>0,C53>0),"⛔ BLOCK RELEASE — CÓ REGRESSION (LEVEL DOWN)","⛔ CHƯA SẴN SÀNG RELEASE"))

Sheet Test Cases
A1: BỘ TEST CASE UAT: Document Number Engine v0.42
A2: Tổng số TC: 315 | Ngày tạo: 25/05/2026 | Generated by uat-test-writer skill
A3: TC-ID | B3: Loại | C3: Độ ưu tiên | D3: Module | E3: Tiêu đề | F3: Yêu cầu | G3: Kỹ thuật test | H3: Mức độ rủi ro | I3: Điều kiện tiên quyết | J3: Các bước kiểm thử | K3: Dữ liệu kiểm thử | L3: Data fixtures cần | M3: Kết quả mong đợi - UI | N3: Kết quả mong đợi - API | O3: Kết quả mong đợi - Side effects | P3: Severity nếu fail | Q3: Kết quả thực tế | R3: Trạng thái API | S3: Trạng thái E2E | T3: Bug ID | U3: Lần chạy cuối | V3: Lịch sử chạy | W3: Cờ regression | X3: Ghi chú
A4: TC-001 | B4: GREEN | C4: P0 | D4: Draft Number | E4: GREEN: POST /draft INCIDENT — officer nhận preview mã vụ việc | F4: REQ-FUNC-001 | G4: Happy Path | H4: Cao | I4: Đăng nhập officer. Template INCIDENT active. | J4: 1. POST /api/v1/document-numbers/draft 2. Body: {documentType:'INCIDENT'} | K4: user.officer, template.incident.active | L4: user.officer, template.incident.active | M4: 200 OK. {previewNumber:'VV-2026-000XX', isDraft:true}. Counter không tăng. | P4: [API] Đạt như expected. Thời gian: 0ms | Q4: Đạt | T4: 26/05/2026 02:10
A5: TC-002 | B5: GREEN | C5: P0 | D5: Commit Number | E5: GREEN: POST /commit INCIDENT — counter tăng, log ghi isDraft=false | F5: REQ-FUNC-002 | G5: Happy Path | H5: Cao | I5: Officer. Template INCIDENT active. Counter = N. | J5: 1. POST /commit {documentType:'INCIDENT'} 2. Kiểm tra counter | K5: user.officer, template.incident.active, counter.incident.value_50 | L5: user.officer, template.incident.active, counter.incident.value_50 | M5: 200. {number:'VV-2026-NNNXX', logId, changed}. Counter=N+1. Log isDraft=false. | P5: [API] Đạt như expected. Thời gian: 0ms | Q5: Đạt | T5: 26/05/2026 02:10
A6: TC-003 | B6: GREEN | C6: P0 | D6: Commit Number | E6: GREEN: POST /commit PETITION với documentId — log gán documentId | F6: REQ-FUNC-003 | G6: Happy Path | H6: Cao | I6: Officer. Template PETITION active. | J6: 1. POST /commit {documentType:'PETITION', documentId:'some-uuid'} | K6: user.officer, template.petition.active | L6: user.officer, template.petition.active | M6: 200. log.documentId='some-uuid'. isDraft=false. | P6: [API] Đạt như expected. Thời gian: 0ms | Q6: Đạt | T6: 26/05/2026 02:10
A7: TC-004 | B7: GREEN | C7: P1 | D7: Template CRUD | E7: GREEN: GET /templates — admin xem danh sách 6 template seeded | F7: REQ-FUNC-004 | G7: Happy Path | H7: Cao | I7: Admin. 6 template đã seed. | J7: 1. GET /api/v1/document-numbers/templates | K7: user.admin, templates.all_seeded | L7: user.admin, templates.all_seeded | M7: 200. Array >= 6 items. Mỗi item có id, name, documentType, isActive, inputMode. | P7: [API] Đạt như expected. Thời gian: 0ms | Q7: Đạt | T7: 26/05/2026 02:10
A8: TC-005 | B8: GREEN | C8: P0 | D8: Template CRUD | E8: GREEN: POST /templates — admin tạo template mới | F8: REQ-FUNC-005 | G8: Happy Path | H8: Cao | I8: Admin. | J8: 1. POST /templates 2. Body hợp lệ: name, documentType, isActive, separator, inputMode, segments, counterConfig | K8: user.admin | L8: user.admin | M8: 201. Body có id (UUID), name, documentType, isActive=true. | P8: [API] Đạt như expected. Thời gian: 0ms | Q8: Đạt | T8: 26/05/2026 02:10
A9: TC-006 | B9: GREEN | C9: P1 | D9: Template CRUD | E9: GREEN: PUT /templates/:id — admin sửa separator | F9: REQ-FUNC-006 | G9: Happy Path | H9: Cao | I9: Admin. Template INCIDENT tồn tại. | J9: 1. PUT /templates/{id} {separator:'/'} | K9: user.admin, template.incident.active | L9: user.admin, template.incident.active | M9: 200. Template updated. Preview dùng '/' thay '-'. | P9: [API] Đạt như expected. Thời gian: 0ms | Q9: Đạt | T9: 26/05/2026 02:10
A10: TC-007 | B10: GREEN | C10: P1 | D10: Template CRUD | E10: GREEN: DELETE /templates/:id — admin xóa template inactive | F10: REQ-FUNC-007 | G10: Happy Path | H10: Cao | I10: Admin. Template PROPOSAL inactive. | J10: 1. DELETE /templates/{id} | K10: user.admin | L10: user.admin | M10: 200 hoặc 204. Template không còn trong GET /templates. | P10: [API] Đạt như expected. Thời gian: 0ms | Q10: Đạt | T10: 26/05/2026 02:10
A11: TC-008 | B11: GREEN | C11: P1 | D11: Template Preview | E11: GREEN: POST /templates/:id/preview — không tăng counter | F11: REQ-FUNC-008 | G11: Happy Path | H11: Cao | I11: Admin. Counter=42. | J11: 1. POST /templates/{id}/preview 2. Gọi lại lần 2 3. GET /stats | K11: user.admin, template.incident.active, counter.incident.value_50 | L11: user.admin, template.incident.active, counter.incident.value_50 | M11: Cả 2 lần: previewNumber giống nhau. Counter vẫn=42 (không tăng). | P11: [API] Đạt như expected. Thời gian: 0ms | Q11: Đạt | T11: 26/05/2026 02:10
A12: TC-009 | B12: GREEN | C12: P1 | D12: Template Stats | E12: GREEN: GET /templates/:id/stats — xem current, next, periodKey | F12: REQ-FUNC-009 | G12: Happy Path | H12: Cao | I12: Admin. Counter=106. | J12: 1. GET /templates/{id}/stats | K12: user.admin, counter.incident.value_106 | L12: user.admin, counter.incident.value_106 | M12: 200. {currentValue:106, nextValue:107, periodKey:'2026', resetPeriod:'YEARLY'}. | P12: [API] Đạt như expected. Thời gian: 0ms | Q12: Đạt | T12: 26/05/2026 02:10
A13: TC-010 | B13: GREEN | C13: P1 | D13: Reset Counter | E13: GREEN: POST /templates/:id/reset-counter — admin reset về minValue | F13: REQ-FUNC-010 | G13: Happy Path | H13: Cao | I13: Admin. Counter=50. | J13: 1. POST /templates/{id}/reset-counter 2. GET /stats | K13: user.admin, template.incident.active, counter.incident.value_50 | L13: user.admin, template.incident.active, counter.incident.value_50 | M13: 200. nextValue=1. resetAt not null. | P13: [API] Đạt như expected. Thời gian: 0ms | Q13: Đạt | T13: 26/05/2026 02:10
A14: TC-011 | B14: GREEN | C14: P1 | D14: Audit Log | E14: GREEN: GET /logs — admin xem audit log với schema đầy đủ | F14: REQ-FUNC-011 | G14: Happy Path | H14: Cao | I14: Admin. 18 log records. | J14: 1. GET /api/v1/document-numbers/logs | K14: user.admin, logs.mixed_users_18 | L14: user.admin, logs.mixed_users_18 | M14: 200. Items có: id, templateId, generatedNumber, documentType, documentId, userId, isDraft, createdAt. | P14: [API] Đạt như expected. Thời gian: 0ms | Q14: Đạt | T14: 26/05/2026 02:10
A15: TC-012 | B15: GREEN | C15: P1 | D15: Log Update | E15: GREEN: PATCH /logs/:logId — officer gán documentId vào log | F15: REQ-FUNC-012 | G15: Happy Path | H15: Cao | I15: Officer. Log isDraft=false, documentId=null. | J15: 1. PATCH /logs/{logId} {documentId:'real-doc-uuid'} | K15: user.officer, log.officer1.no_doc_id | L15: user.officer, log.officer1.no_doc_id | M15: 200. log.documentId='real-doc-uuid'. | P15: [API] Đạt như expected. Thời gian: 0ms | Q15: Đạt | T15: 26/05/2026 02:10
A16: TC-013 | B16: GREEN | C16: P1 | D16: Settings Page | E16: GREEN: /settings/document-numbers — admin thấy 6 template, preview số tiếp theo | F16: REQ-FUNC-013 | G16: Happy Path | H16: Cao | I16: Admin. | J16: 1. Vào /settings/document-numbers 2. Quan sát bảng | K16: user.admin, templates.all_seeded | L16: user.admin, templates.all_seeded | M16: 6 dòng: Mã vụ việc, Đơn thư, Hồ sơ, Đề xuất, Ủy thác, Vật chứng. Mỗi dòng có preview số tiếp theo và inputMode badge. | P16: [API] Đạt như expected. Thời gian: 0ms | Q16: Đạt | R16: Đạt | T16: 26/05/2026 02:10 | U16: R1:Đạt|R2:Đạt
A17: TC-014 | B17: GREEN | C17: P0 | D17: Settings Page — Create | E17: GREEN: TemplateFormModal 'Thêm mới' — admin tạo template qua UI | F17: REQ-FUNC-014 | G17: Happy Path | H17: Cao | I17: Admin. Trang /settings/document-numbers. | J17: 1. Click [+ Thêm mới] 2. Điền form (tên, loại, segment LITERAL+COUNTER) 3. Click Lưu | K17: user.admin | L17: user.admin | M17: Modal đóng. Danh sách cập nhật. Toast thành công. | P17: [API] Đạt như expected. Thời gian: 0ms | Q17: Đạt | R17: Đạt | T17: 26/05/2026 02:10 | U17: R1:Đạt|R2:Đạt
A18: TC-015 | B18: GREEN | C18: P0 | D18: Settings Page — Edit | E18: GREEN: TemplateFormModal 'Sửa' — pre-fill dữ liệu, sửa, lưu | F18: REQ-FUNC-015 | G18: Happy Path | H18: Cao | I18: Admin. | J18: 1. Click [Sửa] trên dòng INCIDENT 2. Modal pre-fill đúng dữ liệu 3. Sửa separator từ '-' sang '/' 4. Lưu | K18: user.admin, template.incident.active | L18: user.admin, template.incident.active | M18: Modal pre-fill đúng. Sau lưu, separator cập nhật. Preview dùng /. | P18: [API] Đạt như expected. Thời gian: 0ms | Q18: Đạt | R18: Đạt | T18: 26/05/2026 02:10 | U18: R1:Đạt|R2:Đạt
A19: TC-016 | B19: GREEN | C19: P0 | D19: Integration — Incident | E19: GREEN: Integration Incident — code tự sinh VV-YYYY-NNNNN | F19: REQ-FUNC-016 | G19: Happy Path | H19: Cao | I19: Officer. incidents.service.ts dùng commitWithTx(). | J19: 1. POST /api/v1/incidents {tieuDe:'Test', ...} | K19: user.officer, template.incident.active | L19: user.officer, template.incident.active | M19: 201. incident.code='VV-2026-NNNXX'. Log documentId=incident.id. | P19: [API] Đạt như expected. Thời gian: 0ms | Q19: Đạt | R19: Đạt | T19: 26/05/2026 02:10 | U19: R1:Đạt|R2:Đạt
A20: TC-017 | B20: GREEN | C20: P0 | D20: Integration — Petition | E20: GREEN: Integration Petition — stt tự sinh, không cần nhập tay | F20: REQ-FUNC-017 | G20: Happy Path | H20: Cao | I20: Officer. Template PETITION active. | J20: 1. Mở form tạo đơn thư 2. Không nhập stt (readonly) 3. Submit | K20: user.officer, template.petition.active | L20: user.officer, template.petition.active | M20: Petition tạo OK. stt='DT-2026-NNNXX'. | P20: [API] Đạt như expected. Thời gian: 0ms | Q20: Đạt | R20: Đạt | T20: 26/05/2026 02:10 | U20: R1:Đạt|R2:Đạt
A21: TC-018 | B21: GREEN | C21: P0 | D21: Integration — Case List | E21: GREEN: Danh sách hồ sơ — cột Mã vụ án hiển thị HS-YYYY-NNN không phải CUID | F21: REQ-FUNC-018 | G21: Happy Path | H21: Cao | I21: Officer. Hồ sơ có caseCode='HS-2026-001'. | J21: 1. Vào /cases 2. Xem cột Mã vụ án | K21: user.officer, template.case.active | L21: user.officer, template.case.active | M21: Hiển thị 'HS-2026-001', không phải CUID. | P21: [API] Đạt như expected. Thời gian: 0ms | Q21: Đạt | R21: Đạt | T21: 26/05/2026 02:10 | U21: R1:Đạt|R2:Đạt
A22: TC-019 | B22: GREEN | C22: P0 | D22: Concurrency — Basic | E22: GREEN: 2 commit đồng thời INCIDENT — 2 số unique, không deadlock | F22: REQ-FUNC-019 | G22: Happy Path | H22: Cao | I22: 2 officer gửi /commit cùng lúc. | J22: 1. Gửi 2 POST /commit {documentType:'INCIDENT'} song song | K22: user.officer, template.incident.active, counter.incident.value_50 | L22: user.officer, template.incident.active, counter.incident.value_50 | M22: 2 số khác nhau (N và N+1). Counter=ban_đầu+2. Không deadlock. | P22: [API] Đạt như expected. Thời gian: 0ms | Q22: Đạt | R22: Đạt | T22: 26/05/2026 02:10 | U22: R1:Đạt|R2:Đạt
A23: TC-020 | B23: GREEN | C23: P0 | D23: Counter — Cold Start | E23: GREEN: Cold-start counter — commit đầu tiên trong kỳ mới tạo counter row | F23: REQ-FUNC-020 | G23: Happy Path | H23: Cao | I23: Template YEARLY. Không có counter row cho 2026. | J23: 1. POST /commit lần đầu | K23: user.officer, template.incident.active, counter.incident.value_0 | L23: user.officer, template.incident.active, counter.incident.value_0 | M23: Counter row tạo mới periodKey='2026', currentValue=1. Number=prefix-2026-00001. | P23: [API] Đạt như expected. Thời gian: 0ms | Q23: Đạt | R23: Đạt | T23: 26/05/2026 02:10 | U23: R1:Đạt|R2:Đạt
A24: TC-021 | B24: RED | C24: P0 | D24: Auth — Unauthorized | E24: RED: POST /draft không có token → 401 | F24: REQ-FUNC-021 | G24: EP / BVA | H24: Cao | I24: Không có Authorization header. | J24: 1. POST /draft {documentType:'INCIDENT'} không có token | K24: template.incident.active | L24: template.incident.active | M24: 401 Unauthorized. Body có message. | P24: [API] Đạt như expected. Thời gian: 0ms | Q24: Đạt | R24: Đạt | T24: 26/05/2026 02:10 | U24: R1:Đạt|R2:Đạt
A25: TC-022 | B25: RED | C25: P0 | D25: Auth — Unauthorized | E25: RED: POST /commit không có token → 401 | F25: REQ-FUNC-022 | G25: EP / BVA | H25: Cao | I25: Không có Authorization header. | J25: 1. POST /commit {documentType:'INCIDENT'} không có token | K25: template.incident.active | L25: template.incident.active | M25: 401 Unauthorized. | P25: [API] Đạt như expected. Thời gian: 0ms | Q25: Đạt | R25: Đạt | T25: 26/05/2026 02:10 | U25: R1:Đạt|R2:Đạt
A26: TC-023 | B26: RED | C26: P0 | D26: Auth — Unauthorized | E26: RED: GET /templates không có token → 401 | F26: REQ-FUNC-023 | G26: EP / BVA | H26: Cao | I26: Không có Authorization header. | J26: 1. GET /templates không có token | M26: 401 Unauthorized. | P26: [API] Đạt như expected. Thời gian: 0ms | Q26: Đạt | R26: Đạt | S26: BUG-001 | T26: 26/05/2026 02:10 | U26: R1:Không đạt|R2:Đạt
A27: TC-024 | B27: RED | C27: P0 | D27: Auth — Forbidden | E27: RED: POST /templates với role OFFICER → 403 | F27: REQ-FUNC-024 | G27: EP / BVA | H27: Cao | I27: Đăng nhập officer (không phải admin). | J27: 1. POST /templates {name:'X', ...} | K27: user.officer | L27: user.officer | M27: 403 Forbidden. Officer không được tạo template. | P27: [API] Đạt như expected. Thời gian: 0ms | Q27: Đạt | R27: Đạt | T27: 26/05/2026 02:10 | U27: R1:Đạt|R2:Đạt
A28: TC-025 | B28: RED | C28: P0 | D28: Auth — Forbidden | E28: RED: POST /templates/:id/reset-counter với role OFFICER → 403 | F28: REQ-FUNC-025 | G28: EP / BVA | H28: Cao | I28: Đăng nhập officer. | J28: 1. POST /templates/{id}/reset-counter | K28: user.officer, template.incident.active | L28: user.officer, template.incident.active | M28: 403 Forbidden. Chỉ ADMIN được reset. | P28: [API] Đạt như expected. Thời gian: 0ms | Q28: Đạt | T28: 26/05/2026 02:10
A29: TC-026 | B29: RED | C29: P0 | D29: Draft — No Template | E29: RED: POST /draft documentType không có template active → 404 | F29: REQ-FUNC-026 | G29: EP / BVA | H29: Cao | I29: Không có template active cho EVIDENCE. | J29: 1. POST /draft {documentType:'EVIDENCE'} | K29: user.officer | L29: user.officer | M29: 404. message='No active template for documentType: EVIDENCE' | P29: [API] Đạt như expected. Thời gian: 0ms | Q29: Đạt | T29: 26/05/2026 02:10
A30: TC-027 | B30: RED | C30: P0 | D30: Commit Validation | E30: RED: POST /commit documentType=null → 400 | F30: REQ-FUNC-027 | G30: EP / BVA | H30: Cao | I30: Đăng nhập officer. | J30: 1. POST /commit {documentType:null} | K30: user.officer | L30: user.officer | M30: 400 Bad Request. Validation error: documentType required. | P30: [API] Đạt như expected. Thời gian: 0ms | Q30: Đạt | R30: Đạt | T30: 26/05/2026 02:10 | U30: R1:Đạt|R2:Đạt
A31: TC-028 | B31: RED | C31: P1 | D31: Commit Validation | E31: RED: POST /commit body rỗng {} → 400 | F31: REQ-FUNC-028 | G31: EP / BVA | H31: Cao | I31: Officer. | J31: 1. POST /commit {} | K31: user.officer | L31: user.officer | M31: 400. documentType is required. | P31: [API] Đạt như expected. Thời gian: 0ms | Q31: Đạt | R31: Không đạt | S31: BUG-002 | T31: 26/05/2026 02:10 | U31: R1:Đạt|R2:Không đạt | V31: ⚠️ REGRESSION
A32: TC-029 | B32: RED | C32: P1 | D32: Template Validation | E32: RED: POST /templates thiếu name → 400 | F32: REQ-FUNC-029 | G32: EP / BVA | H32: Cao | I32: Admin. | J32: 1. POST /templates {documentType:'PROPOSAL', isActive:true, segments:[], counterConfig:{}} | K32: user.admin | L32: user.admin | M32: 400. name is required. | P32: [API] Đạt như expected. Thời gian: 0ms | Q32: Đạt | R32: Đạt | T32: 26/05/2026 02:10 | U32: R1:Đạt|R2:Đạt
A33: TC-030 | B33: RED | C33: P1 | D33: Template Validation | E33: RED: POST /templates thiếu documentType → 400 | F33: REQ-FUNC-030 | G33: EP / BVA | H33: Cao | I33: Admin. | J33: 1. POST /templates {name:'X', isActive:true, segments:[], counterConfig:{}} | K33: user.admin | L33: user.admin | M33: 400. documentType is required. | P33: [API] Đạt như expected. Thời gian: 0ms | Q33: Đạt | R33: Đạt | T33: 26/05/2026 02:10 | U33: R1:Đạt|R2:Đạt
A34: TC-031 | B34: RED | C34: P1 | D34: Template CRUD — RED | E34: RED: GET /templates/:id không tồn tại → 404 | F34: REQ-FUNC-031 | G34: EP / BVA | H34: Cao | I34: Admin. | J34: 1. GET /templates/00000000-0000-0000-0000-000000000000/stats | K34: user.admin | L34: user.admin | M34: 404. message='Template not found' | P34: [API] Đạt như expected. Thời gian: 0ms | Q34: Đạt | R34: Đạt | T34: 26/05/2026 02:10 | U34: R1:Đạt|R2:Đạt
A35: TC-032 | B35: RED | C35: P1 | D35: Template CRUD — RED | E35: RED: DELETE /templates/:id đang active → 400 hoặc 409 | F35: REQ-FUNC-032 | G35: EP / BVA | H35: Cao | I35: Admin. Template INCIDENT isActive=true. | J35: 1. DELETE /templates/{id} của template đang active | K35: user.admin, template.incident.active | L35: user.admin, template.incident.active | M35: 400 hoặc 409. Không cho xóa template đang active. Phải deactivate trước. | P35: [API] Đạt như expected. Thời gian: 0ms | Q35: Đạt | R35: Đạt | T35: 26/05/2026 02:10 | U35: R1:Đạt|R2:Đạt
A36: TC-033 | B36: RED | C36: P1 | D36: Log Update — RED | E36: RED: PATCH /logs không tồn tại logId → 404 | F36: REQ-FUNC-033 | G36: EP / BVA | H36: Cao | I36: Officer. | J36: 1. PATCH /logs/00000000-0000-0000-0000-000000000000 {documentId:'uuid'} | K36: user.officer | L36: user.officer | M36: 404. Log not found. | P36: [API] Đạt như expected. Thời gian: 0ms | Q36: Đạt | R36: Đạt | T36: 26/05/2026 02:10 | U36: R1:Đạt|R2:Đạt
A37: TC-034 | B37: RED | C37: P1 | D37: Template Validation — RED | E37: RED: PUT /templates/:id với admin — segments=[] → 400 | F37: REQ-FUNC-034 | G37: EP / BVA | H37: Cao | I37: Admin. Template tồn tại. | J37: 1. PUT /templates/{id} {segments:[]} | K37: user.admin, template.incident.active | L37: user.admin, template.incident.active | M37: 400. segments không được rỗng (phải có ít nhất 1 segment). | P37: [API] Đạt như expected. Thời gian: 0ms | Q37: Đạt | R37: Đạt | T37: 26/05/2026 02:10 | U37: R1:Đạt|R2:Đạt
A38: TC-035 | B38: RED | C38: P0 | D38: Auth — Token Expired | E38: RED: POST /draft với JWT expired → 401 | F38: REQ-FUNC-035 | G38: EP / BVA | H38: Cao | I38: Token hết hạn (exp < now). | J38: 1. POST /draft {documentType:'INCIDENT'} với expired token | K38: user.expired_token, template.incident.active | L38: user.expired_token, template.incident.active | M38: 401. TokenExpiredError. Không trả draft number. | P38: [API] Đạt như expected. Thời gian: 0ms | Q38: Đạt | R38: Đạt | T38: 26/05/2026 02:10 | U38: R1:Đạt|R2:Đạt
A39: TC-036 | B39: GREEN | C39: P0 | D39: Formula Engine | E39: Formula YYYY — năm hiện tại đúng trong mã sinh | F39: REQ-FUNC-036 | G39: Happy Path | H39: Cao | I39: Template với FORMULA source=NOW pattern=YYYY, counter=0 | J39: 1. POST /draft {documentType:"INCIDENT"} 2. Kiểm tra previewNumber chứa năm hiện tại | K39: template.incident.active | L39: template.incident.active | M39: previewNumber chứa "2026" (năm UTC hiện tại). VD: "VV-2026-00107" | P39: [API] Không đạt - xem HTML report | Q39: Không đạt | S39: BUG-115 | T39: 26/05/2026 02:10
A40: TC-037 | B40: GREEN | C40: P1 | D40: Formula Engine | E40: Formula YY — 2 chữ số năm trong mã | F40: REQ-FUNC-037 | G40: Happy Path | H40: Cao | I40: Template với FORMULA pattern=YY | J40: 1. POST /draft với template dùng pattern YY | K40: template.yy_pattern | L40: template.yy_pattern | M40: Mã số chứa 2 chữ số năm, VD: "26" | P40: [API] Đạt như expected. Thời gian: 0ms | Q40: Đạt | T40: 26/05/2026 02:10
A41: TC-038 | B41: GREEN | C41: P1 | D41: Formula Engine | E41: Formula MM — tháng có leading zero | F41: REQ-FUNC-038 | G41: Happy Path | H41: Cao | I41: Tháng hiện tại là tháng 5, FORMULA pattern=MM | J41: 1. POST /draft với template dùng pattern MM | K41: template.mm_pattern | L41: template.mm_pattern | M41: Mã chứa "05" (không phải "5") | P41: [API] Không đạt - xem HTML report | Q41: Không đạt | T41: 26/05/2026 02:10
A42: TC-039 | B42: GREEN | C42: P1 | D42: Formula Engine | E42: Formula YYYYMMDD — ngày đầy đủ ISO trong mã | F42: REQ-FUNC-039 | G42: Happy Path | H42: Cao | I42: Template FORMULA pattern=YYYYMMDD | J42: 1. POST /draft | K42: template.yyyymmdd_pattern | L42: template.yyyymmdd_pattern | M42: Mã chứa ngày đầy đủ như "20260525" | P42: [API] Đạt như expected. Thời gian: 0ms | Q42: Đạt | T42: 26/05/2026 02:10
A43: TC-040 | B43: GREEN | C43: P1 | D43: Formula Engine — Context | E43: Formula ctx:Login.workId — workId cán bộ trong mã | F43: REQ-FUNC-040 | G43: Happy Path | H43: Cao | I43: officer1 có workId="A001", template dùng ctx:Login.workId | J43: 1. Đăng nhập officer1 2. POST /draft với documentType của template đó | K43: user.officer_with_workid, template.workid_source | L43: user.officer_with_workid, template.workid_source | M43: previewNumber chứa "A001" | P43: [API] Đạt như expected. Thời gian: 0ms | Q43: Đạt | T43: 26/05/2026 02:10
A44: TC-041 | B44: EDGE | C44: P1 | D44: Formula Engine — Context | E44: Formula ctx:Login.workId — user không có workId → empty string (không crash) | F44: REQ-FUNC-041 | G44: Edge Case | H44: Cao | I44: User không có workId, template dùng ctx:Login.workId | J44: 1. Đăng nhập user không có workId 2. POST /draft với template đó | K44: user.no_workid, template.workid_source | L44: user.no_workid, template.workid_source | M44: 200. previewNumber sinh ra với đoạn workId = empty. Không crash 500 | P44: [API] Đạt như expected. Thời gian: 0ms | Q44: Đạt | T44: 26/05/2026 02:10
A45: TC-042 | B45: GREEN | C45: P2 | D45: Formula Engine — Context | E45: Formula ctx:Login.departmentId — departmentId trong mã | F45: REQ-FUNC-042 | G45: Happy Path | H45: TB | I45: User có departmentId, template dùng ctx:Login.departmentId | J45: 1. POST /draft | K45: user.officer, template.deptid_source | L45: user.officer, template.deptid_source | M45: previewNumber chứa departmentId UUID của user | P45: [API] Đạt như expected. Thời gian: 0ms | Q45: Đạt | T45: 26/05/2026 02:10
A46: TC-043 | B46: GREEN | C46: P0 | D46: Period Key | E46: Period key YEARLY — trả về '2026' | F46: REQ-FUNC-043 | G46: Happy Path | H46: Cao | I46: resetPeriod=YEARLY, ngày hiện tại trong năm 2026 | J46: 1. POST /commit → GET /stats → kiểm tra periodKey | K46: template.incident.active, counter.incident.value_0 | L46: template.incident.active, counter.incident.value_0 | M46: periodKey = "2026" | P46: [API] Đạt như expected. Thời gian: 0ms | Q46: Đạt | T46: 26/05/2026 02:10
A47: TC-044 | B47: GREEN | C47: P1 | D47: Period Key | E47: Period key MONTHLY — trả về 'YYYY-MM' | F47: REQ-FUNC-044 | G47: Happy Path | H47: Cao | I47: Template với resetPeriod=MONTHLY, tháng 5/2026 | J47: 1. POST /commit → GET /stats | K47: template.monthly.active | L47: template.monthly.active | M47: periodKey = "2026-05" | P47: [API] Đạt như expected. Thời gian: 0ms | Q47: Đạt | T47: 26/05/2026 02:10
A48: TC-045 | B48: GREEN | C48: P1 | D48: Period Key | E48: Period key WEEKLY — trả về 'YYYY-WNN' theo ISO 8601 | F48: REQ-FUNC-045 | G48: Happy Path | H48: Cao | I48: Template với resetPeriod=WEEKLY | J48: 1. POST /commit với ngày trong tuần W22 2026 2. GET /stats | K48: template.weekly.active | L48: template.weekly.active | M48: periodKey = "2026-W22" (hoặc tuần ISO hiện tại). Monday = ngày đầu tuần ISO | P48: [API] Đạt như expected. Thời gian: 0ms | Q48: Đạt | T48: 26/05/2026 02:10
A49: TC-046 | B49: GREEN | C49: P1 | D49: Period Key | E49: Period key NEVER — trả về 'global' | F49: REQ-FUNC-046 | G49: Happy Path | H49: Cao | I49: Template với resetPeriod=NEVER | J49: 1. POST /commit → GET /stats | K49: template.never.active | L49: template.never.active | M49: periodKey = "global". Counter không reset theo thời gian | P49: [API] Đạt như expected. Thời gian: 0ms | Q49: Đạt | T49: 26/05/2026 02:10
A50: TC-047 | B50: GREEN | C50: P1 | D50: Period Key | E50: Period key MAX_NUMBER — trả về 'global' | F50: REQ-FUNC-047 | G50: Happy Path | H50: Cao | I50: Template với resetPeriod=MAX_NUMBER | J50: 1. POST /commit → GET /stats | K50: template.maxnumber.active | L50: template.maxnumber.active | M50: periodKey = "global" | P50: [API] Đạt như expected. Thời gian: 0ms | Q50: Đạt | T50: 26/05/2026 02:10
A51: TC-048 | B51: EDGE | C51: P1 | D51: Period Key — Year Boundary | E51: Năm mới (Jan 1) — counter YEARLY tạo row mới cho period 2027 | F51: REQ-FUNC-048 | G51: Edge Case | H51: Cao | I51: Template INCIDENT với counter 2026=99, simulate ngày Jan 1 2027 UTC | J51: 1. Mock hệ thống sang ngày 2027-01-01 00:00 UTC 2. POST /commit {INCIDENT} 3. GET stats | K51: template.incident.active, counter.incident.year_2026 | L51: template.incident.active, counter.incident.year_2026 | M51: periodKey="2027". currentValue=1 (counter mới). Row 2026 vẫn còn trong DB | P51: [API] Đạt như expected. Thời gian: 0ms | Q51: Đạt | T51: 26/05/2026 02:10
... A64: TC-061 | B64: BOUNDARY | C64: P1 | D64: Counter Padding | E64: Counter vượt padding (100000 > 5 chữ số) → giữ nguyên không truncate | F64: REQ-FUNC-061 | G64: BVA | H64: Cao | I64: Template với maxValue=999999, padding=5, counter=99999 | J64: 1. Commit khi counter=99999 → counter=100000 2. Kiểm tra number | K64: template.large_counter | L64: template.large_counter | M64: Number chứa "100000" (không truncate dù vượt padding). Ứng dụng không crash | P64: [API] Đạt như expected. Thời gian: 0ms | Q64: Đạt | T64: 26/05/2026 02:10
A65: TC-062 | B65: BOUNDARY | C65: P1 | D65: Template Validation | E65: counterConfig.padding = 0 → 400 validation | F65: REQ-FUNC-062 | G65: BVA | H65: Cao | I65: Đăng nhập admin | J65: 1. POST /templates {counterConfig:{padding:0, ...rest}} | K65: user.admin | L65: user.admin | M65: 400. Validation error: padding phải >= 1 | P65: [API] Không đạt - xem HTML report | Q65: Không đạt | S65: BUG-003 | T65: 26/05/2026 02:10
A66: TC-063 | B66: BOUNDARY | C66: P1 | D66: Template Validation | E66: counterConfig.padding = 11 → 400 validation (max=10) | F66: REQ-FUNC-063 | G66: BVA | H66: Cao | I66: Đăng nhập admin | J66: 1. POST /templates {counterConfig:{padding:11, ...rest}} | K66: user.admin | L66: user.admin | M66: 400. Validation error: padding phải <= 10 | P66: [API] Không đạt - xem HTML report | Q66: Không đạt | S66: BUG-004 | T66: 26/05/2026 02:10
A67: TC-064 | B67: BOUNDARY | C67: P1 | D67: Template Validation | E67: counterConfig.minValue = -1 → 400 validation | F67: REQ-FUNC-064 | G67: BVA | H67: Cao | I67: Đăng nhập admin | J67: 1. POST /templates {counterConfig:{minValue:-1, maxValue:99, padding:3, resetPeriod:"YEARLY"}} | K67: user.admin | L67: user.admin | M67: 400. Validation error: minValue phải >= 0 | P67: [API] Không đạt - xem HTML report | Q67: Không đạt | S67: BUG-005 | T67: 26/05/2026 02:10
A68: TC-065 | B68: BOUNDARY | C68: P2 | D68: Template Validation | E68: counterConfig.minValue = maxValue (edge case equal) → hoạt động đúng | F68: REQ-FUNC-065 | G68: BVA | H68: TB | I68: Admin tạo template minValue=maxValue=42 | J68: 1. POST /templates {counterConfig:{minValue:42, maxValue:42, padding:3, resetPeriod:"MAX_NUMBER"}} 2. POST /commit 3. POST /commit lần 2 | K68: user.admin | L68: user.admin | M68: Template tạo thành công. Commit 1: number chứa 042. Commit 2 (MAX_NUMBER wrap): counter wrap về 42, cùng số | P68: [API] Đạt như expected. Thời gian: 0ms | Q68: Đạt | T68: 26/05/2026 02:10
A69: TC-066 | B69: DATA | C69: P1 | D69: Data — XSS Stored | E69: Template name với HTML entities → lưu as-is, render safe | F69: REQ-FUNC-066 | G69: Data Validation | H69: Cao | I69: Đăng nhập admin | J69: 1. POST /templates {name:"Mã &amp; số <b>đặc biệt</b>"} 2. GET /templates 3. Kiểm tra UI Settings | K69: user.admin | L69: user.admin | M69: 201. name lưu nguyên. UI render React escaped (không execute HTML). Không XSS | P69: [API] Đạt như expected. Thời gian: 0ms | Q69: Đạt | T69: 26/05/2026 02:10
A70: TC-067 | B70: DATA | C70: P1 | D70: Data — i18n | E70: Template name Vietnamese Unicode — lưu và hiển thị đúng | F70: REQ-FUNC-067 | G70: Data Validation | H70: Cao | I70: Đăng nhập admin | J70: 1. POST /templates {name:"Mã số ủy quyền điều tra viên"} | K70: user.admin | L70: user.admin | M70: 201. name = "Mã số ủy quyền điều tra viên" giữ nguyên Unicode. GET trả về đúng | P70: [API] Đạt như expected. Thời gian: 0ms | Q70: Đạt | T70: 26/05/2026 02:10
A71: TC-068 | B71: DATA | C71: P2 | D71: Data — Special Chars | E71: Template separator là chuỗi đặc biệt regex → mã sinh đúng | F71: REQ-FUNC-068 | G71: Data Validation | H71: TB | I71: Admin tạo template separator="/" | J71: 1. POST /templates {separator:"/", ...} 2. POST /draft | K71: user.admin | L71: user.admin | M71: previewNumber dùng "/" làm separator. VD: "UT/2026/0001" | P71: [API] Đạt như expected. Thời gian: 0ms | Q71: Đạt | T71: 26/05/2026 02:10
A72: TC-069 | B72: EDGE | C72: P1 | D72: Data — Empty Separator | E72: Separator rỗng "" — mã sinh liền mạch không phân cách | F72: REQ-FUNC-069 | G72: Edge Case | H72: Cao | I72: Admin tạo template separator="" | J72: 1. POST /templates {separator:"", ...} 2. POST /draft | K72: user.admin | L72: user.admin | M72: previewNumber không có separator. VD: "VV202600001" thay vì "VV-2026-00001" | P72: [API] Đạt như expected. Thời gian: 0ms | Q72: Đạt | T72: 26/05/2026 02:10
A73: TC-070 | B73: EDGE | C73: P2 | D73: Formula Engine — Segments | E73: Segment không có COUNTER → number không có số tự tăng | F73: REQ-FUNC-070 | G73: Edge Case | H73: TB | I73: Admin tạo template chỉ có LITERAL+FORMULA (không có COUNTER) | J73: 1. POST /templates segments=[{LITERAL,value:"PREFIX"},{FORMULA,...}] 2. POST /draft 3. Commit 2 lần | K73: user.admin | L73: user.admin | M73: Number giống nhau mỗi lần (không có counter). VD: "PREFIX-2026" hai lần commit. Counter không tạo | P73: [API] Đạt như expected. Thời gian: 0ms | Q73: Đạt | T73: 26/05/2026 02:10
A74: TC-071 | B74: GREEN | C74: P1 | D74: UI — DocNumberPreviewField | E74: DocNumberPreviewField AUTO mode — hiển thị lock icon + badge 'Tự động' | F74: REQ-FUNC-071 | G74: Happy Path | H74: Cao | I74: Template INCIDENT active, đăng nhập officer1, mở form tạo Vụ việc mới | J74: 1. Mở /incidents/new (form tạo vụ việc) 2. Quan sát field Mã vụ việc | K74: template.incident.active, user.officer | L74: template.incident.active, user.officer | M74: Field hiển thị lock icon + số preview (VD: VV-2026-00108) + badge xanh 'Tự động'. Input không editable. Không có button 'Nhập tay' | P74: [API] Đạt như expected. Thời gian: 0ms | Q74: Đạt | T74: 26/05/2026 02:10
A75: TC-072 | B75: GREEN | C75: P1 | D75: UI — DocNumberPreviewField | E75: DocNumberPreviewField AUTO_WITH_OVERRIDE — có nút 'Nhập tay' | F75: REQ-FUNC-072 | G75: Happy Path | H75: Cao | I75: Template EVIDENCE inputMode=AUTO_WITH_OVERRIDE, mở form thêm vật chứng | J75: 1. Mở form vật chứng 2. Quan sát field Mã vật chứng | K75: template.evidence.override, user.officer | L75: template.evidence.override, user.officer | M75: Hiển thị số auto + badge + nút 'Nhập tay ✎'. Click 'Nhập tay' → input editable. Click lại → trở về auto mode | P75: [API] Đạt như expected. Thời gian: 0ms | Q75: Đạt | T75: 26/05/2026 02:10
A76: TC-073 | B76: GREEN | C76: P1 | D76: UI — DocNumberPreviewField | E76: DocNumberPreviewField MANUAL mode — input bình thường, không có badge | F76: REQ-FUNC-073 | G76: Happy Path | H76: Cao | I76: Template PROPOSAL inputMode=MANUAL | J76: 1. Mở form tạo Kiến nghị 2. Quan sát field Số kiến nghị | K76: template.proposal.manual, user.officer | L76: template.proposal.manual, user.officer | M76: Field là input text bình thường. Không có lock icon. Không có badge 'Tự động'. User có thể gõ tự do | P76: [API] Đạt như expected. Thời gian: 0ms | Q76: Đạt | T76: 26/05/2026 02:10
A77: TC-074 | B77: GREEN | C77: P2 | D77: UI — DocNumberPreviewField | E77: DocNumberPreviewField loading state — skeleton khi đang fetch draft | F77: REQ-FUNC-074 | G77: Happy Path | H77: TB | I77: Mạng chậm (throttle 3G), mở form vụ việc | J77: 1. Throttle network → mở form 2. Quan sát trạng thái loading | K77: template.incident.active, user.officer | L77: template.incident.active, user.officer | M77: Field hiển thị skeleton/spinner trong khi fetch /draft. Sau khi response về → hiện số. Không bị lỗi UI | P77: [API] Đạt như expected. Thời gian: 0ms | Q77: Đạt | T77: 26/05/2026 02:10
A78: TC-075 | B78: RED | C78: P1 | D78: UI — DocNumberPreviewField | E78: DocNumberPreviewField error state — /draft 404 → hiển thị thông báo lỗi | F78: REQ-FUNC-075 | G78: EP / BVA | H78: Cao | I78: Template bị deactivate sau khi form đã mở | J78: 1. Mở form → deactivate template (tab khác) 2. Reload draft request | K78: user.officer, template.incident.active | L78: user.officer, template.incident.active | M78: Field hiển thị warning 'Không thể tạo số tự động. Liên hệ admin.' Field vẫn accessible (không crash trang) | P78: [API] Đạt như expected. Thời gian: 0ms | Q78: Đạt | T78: 26/05/2026 02:10
A79: TC-076 | B79: GREEN | C79: P1 | D79: UI — TemplateFormModal | E79: Mở modal 'Thêm mới' — tất cả field mặc định hợp lệ | F79: REQ-FUNC-076 | G79: Happy Path | H79: Cao | I79: Đăng nhập admin, vào /settings/document-numbers | J79: 1. Click nút 'Thêm mới' 2. Quan sát modal | K79: user.admin | L79: user.admin | M79: Modal mở với: name rỗng, documentType dropdown, separator='-', inputMode=AUTO, isActive=checked. SegmentBuilder rỗng. counterConfig padding=5, min=1, max=99999, resetPeriod=YEARLY | P79: [API] Đạt như expected. Thời gian: 0ms | Q79: Đạt | T79: 26/05/2026 02:10
... A82: TC-079 | B82: GREEN | C82: P1 | D82: UI — TemplateFormModal | E82: Modal 'Sửa' — pre-fill đúng giá trị từ template hiện tại | F82: REQ-FUNC-079 | G82: Happy Path | H82: Cao | I82: Template INCIDENT: name='Mã vụ việc', separator='-', inputMode=AUTO, padding=5 | J82: 1. Click 'Sửa' template INCIDENT 2. Quan sát toàn bộ form | K82: user.admin, template.incident.active | L82: user.admin, template.incident.active | M82: name='Mã vụ việc', separator='-', inputMode=AUTO selected, padding=5, SegmentBuilder hiển thị đúng segments hiện tại | P82: [API] Đạt như expected. Thời gian: 0ms | Q82: Đạt | T82: 26/05/2026 02:10
A83: TC-080 | B83: GREEN | C83: P1 | D83: UI — TemplateFormModal | E83: Modal submit thành công — toast success + danh sách refresh | F83: REQ-FUNC-080 | G83: Happy Path | H83: Cao | I83: Đăng nhập admin, modal create đang mở với data hợp lệ | J83: 1. Điền đầy đủ form hợp lệ 2. Click 'Lưu' | K83: user.admin | L83: user.admin | M83: 201 response. Modal đóng. Toast 'Tạo thành công'. Danh sách template refresh ngay (không cần F5) | P83: [API] Không đạt - xem HTML report | Q83: Không đạt | S83: BUG-006 | T83: 26/05/2026 02:10
A84: TC-081 | B84: GREEN | C84: P0 | D84: UI — Settings Page | E84: Settings page — hiển thị đúng 6 template seeded | F84: REQ-FUNC-081 | G84: Happy Path | H84: Cao | I84: Đăng nhập admin, 6 template đã seed | J84: 1. Vào /settings/document-numbers | K84: user.admin, templates.all_seeded | L84: user.admin, templates.all_seeded | M84: Table 6 rows: Mã vụ việc, Số tiếp nhận đơn thư, Mã hồ sơ, Mã đề xuất, Số ủy quyền, Mã vật chứng. Mỗi row có preview number, inputMode badge, actions | P84: [API] Đạt như expected. Thời gian: 0ms | Q84: Đạt | T84: 26/05/2026 02:10
A85: TC-082 | B85: GREEN | C85: P1 | D85: UI — Settings Page | E85: Settings page — preview number cột hiển thị số tiếp theo chính xác | F85: REQ-FUNC-082 | G85: Happy Path | H85: Cao | I85: Template INCIDENT counter=106, admin | J85: 1. Vào /settings/document-numbers 2. Quan sát cột 'Preview số tiếp theo' cho INCIDENT | K85: user.admin, template.incident.active, counter.incident.value_106 | L85: user.admin, template.incident.active, counter.incident.value_106 | M85: Hiển thị 'VV-2026-00107' (counter+1). Số preview match /stats endpoint | P85: [API] Đạt như expected. Thời gian: 0ms | Q85: Đạt | T85: 26/05/2026 02:10
A86: TC-083 | B86: GREEN | C86: P1 | D86: UI — Settings Page | E86: Settings page — button 'Sửa' mở modal edit đúng template | F86: REQ-FUNC-083 | G86: Happy Path | H86: Cao | I86: Đăng nhập admin | J86: 1. Click 'Sửa' trên hàng 'Mã vụ việc' 2. Kiểm tra modal | K86: user.admin, template.incident.active | L86: user.admin, template.incident.active | M86: Modal mở với title 'Sửa template'. documentType=INCIDENT (readonly). Tất cả fields pre-filled đúng | P86: [API] Đạt như expected. Thời gian: 0ms | Q86: Đạt | T86: 26/05/2026 02:10
A87: TC-084 | B87: GREEN | C87: P1 | D87: UI — Settings Page | E87: Settings page — button 'Reset' hiển thị confirm dialog | F87: REQ-FUNC-084 | G87: Happy Path | H87: Cao | I87: Đăng nhập admin | J87: 1. Click 'Reset' trên template INCIDENT | K87: user.admin, template.incident.active | L87: user.admin, template.incident.active | M87: Confirm dialog: 'Bạn chắc chắn muốn reset counter về 0? Hành động này không thể hoàn tác.' Với 2 nút [Hủy] và [Reset] | P87: [API] Đạt như expected. Thời gian: 0ms | Q87: Đạt | T87: 26/05/2026 02:10
A88: TC-085 | B88: SECURITY | C88: P1 | D88: UI — Settings Page — Role | E88: Settings page — officer không thấy nút 'Thêm mới' và 'Sửa' | F88: REQ-SEC-085 | G88: OWASP Top 10 | H88: Cao | I88: Đăng nhập officer1, vào /settings/document-numbers | J88: 1. Vào /settings/document-numbers với role officer | K88: user.officer, templates.all_seeded | L88: user.officer, templates.all_seeded | M88: Trang load. Không có nút 'Thêm mới'. Không có nút 'Sửa'. Chỉ có nút 'Xem log'. (Nếu officer có quyền xem trang này) | P88: [API] Đạt như expected. Thời gian: 0ms | Q88: Đạt | T88: 26/05/2026 02:10
A89: TC-086 | B89: GREEN | C89: P1 | D89: UI — SegmentBuilder | E89: SegmentBuilder — thêm LITERAL segment và nhập giá trị | F89: REQ-FUNC-086 | G89: Happy Path | H89: Cao | I89: Admin, modal tạo template mới, SegmentBuilder trống | J89: 1. Click 'Thêm đoạn' → chọn 'Văn bản cố định' 2. Nhập giá trị 'VV' 3. Quan sát preview | K89: user.admin | L89: user.admin | M89: Segment row xuất hiện với badge 'Văn bản cố định' màu xanh dương. Preview bar cập nhật: 'VV' | P89: [API] Đạt như expected. Thời gian: 0ms | Q89: Đạt | T89: 26/05/2026 02:10
A90: TC-087 | B90: GREEN | C90: P1 | D90: UI — SegmentBuilder | E90: SegmentBuilder — thêm FORMULA + COUNTER, preview bar hiển thị đúng | F90: REQ-FUNC-087 | G90: Happy Path | H90: Cao | I90: Admin, modal tạo template mới | J90: 1. Thêm LITERAL 'VV' 2. Thêm FORMULA source=NOW pattern=YYYY 3. Thêm COUNTER 4. separator='-' | K90: user.admin | L90: user.admin | M90: Preview bar: 'VV-2026-00001'. Đúng format theo separator và padding hiện tại | P90: [API] Đạt như expected. Thời gian: 0ms | Q90: Đạt | T90: 26/05/2026 02:10
A91: TC-088 | B91: GREEN | C91: P2 | D91: UI — SegmentBuilder | E91: SegmentBuilder — xóa segment → preview cập nhật ngay | F91: REQ-FUNC-088 | G91: Happy Path | H91: TB | I91: Admin, 3 segments đang có trong builder | J91: 1. Click [X] trên segment FORMULA 2. Quan sát preview | K91: user.admin | L91: user.admin | M91: Segment FORMULA bị xóa. Preview bar cập nhật ngay không có phần năm. VD: 'VV-00001' | P91: [API] Đạt như expected. Thời gian: 0ms | Q91: Đạt | T91: 26/05/2026 02:10
A92: TC-089 | B92: GREEN | C92: P1 | D92: UI — SegmentBuilder — Preview | E92: SegmentBuilder — button 'Test ngay' gọi /preview và hiển thị kết quả | F92: REQ-FUNC-089 | G92: Happy Path | H92: Cao | I92: Admin, segments đã cấu hình đầy đủ | J92: 1. Cấu hình: LITERAL 'TS' + FORMULA YYYY + COUNTER 2. Click 'Test ngay' | K92: user.admin | L92: user.admin | M92: Gọi POST /preview. Hiển thị số thực tế bên cạnh button: 'TS-2026-00001'. Counter không tăng | P92: [API] Đạt như expected. Thời gian: 0ms | Q92: Đạt | T92: 26/05/2026 02:10
A93: TC-090 | B93: STATE | C93: P1 | D93: Template State | E93: State: template active → deactivate → active lại, counter giữ nguyên | F93: REQ-FUNC-090 | G93: State Transition | H93: Cao | I93: Template INCIDENT active, counter=50 | J93: 1. PUT {isActive:false} → counter still=50 2. PUT {isActive:true} 3. POST /draft | K93: user.admin, template.incident.active, counter.incident.value_50 | L93: user.admin, template.incident.active, counter.incident.value_50 | M93: Sau deactivate: /draft → 404. Sau activate lại: /draft → previewNumber với counter 51. Counter không reset về 0 | P93: [API] Không đạt - xem HTML report | Q93: Không đạt | S93: BUG-007 | T93: 26/05/2026 02:10
A94: TC-091 | B94: STATE | C94: P1 | D94: Template State — Delete | E94: State: template với logs bị delete → cascade xóa logs | F94: REQ-FUNC-091 | G94: State Transition | H94: Cao | I94: Template có 5 logs, admin | J94: 1. DELETE /templates/{id} 2. Query logs table WHERE templateId={id} | K94: user.admin, template.with_logs | L94: user.admin, template.with_logs | M94: Template xóa thành công. Tất cả 5 logs bị cascade delete. counters cũng bị cascade delete | P94: [API] Đạt như expected. Thời gian: 0ms | Q94: Đạt | T94: 26/05/2026 02:10
A95: TC-092 | B95: STATE | C95: P1 | D95: Template State — Active Constraint | E95: State: 2 template cùng documentType — chỉ 1 active tại một thời điểm | F95: REQ-FUNC-092 | G95: State Transition | H95: Cao | I95: Template INCIDENT active đang tồn tại | J95: 1. Tạo template INCIDENT thứ 2 với isActive=true 2. GET /draft {INCIDENT} | K95: user.admin, template.incident.active | L95: user.admin, template.incident.active | M95: Hệ thống dùng template nào? Không conflict (chỉ 1 được active). Hoặc 400 khi tạo nếu enforce 1-active constraint | P95: [API] Không đạt - xem HTML report | Q95: Không đạt | S95: BUG-008 | T95: 26/05/2026 02:10
A96: TC-093 | B96: STATE | C96: P0 | D96: Template State — Counter Reset | E96: State: counter reset → commit tiếp theo = minValue, history log giữ nguyên | F96: REQ-FUNC-093 | G96: State Transition | H96: Cao | I96: Counter INCIDENT=106, admin | J96: 1. POST /reset-counter 2. GET /stats 3. POST /commit {INCIDENT} 4. Query logs | K96: user.admin, template.incident.active, counter.incident.value_106 | L96: user.admin, template.incident.active, counter.incident.value_106 | M96: Stats: current=0, next=1. Commit: number='VV-2026-00001'. Logs cũ (với số 00001-00106) vẫn còn trong DB | P96: [API] Không đạt - xem HTML report | Q96: Không đạt | T96: 26/05/2026 02:10
A97: TC-094 | B97: DECISION | C97: P1 | D97: Role × Endpoint Matrix | E97: Decision: ADMIN có thể đọc templates | F97: REQ-FUNC-094 | G97: Decision Table | H97: Cao | I97: Đăng nhập admin | J97: 1. GET /api/v1/document-numbers/templates | K97: user.admin, templates.all_seeded | L97: user.admin, templates.all_seeded | M97: 200. Array templates trả về | P97: [API] Không đạt - xem HTML report | Q97: Không đạt | T97: 26/05/2026 02:10
A98: TC-095 | B98: DECISION | C98: P1 | D98: Role × Endpoint Matrix | E98: Decision: ADMIN có thể tạo template | F98: REQ-FUNC-095 | G98: Decision Table | H98: Cao | I98: Đăng nhập admin | J98: 1. POST /templates với body hợp lệ | K98: user.admin | L98: user.admin | M98: 201 Created | P98: [API] Đạt như expected. Thời gian: 0ms | Q98: Đạt | T98: 26/05/2026 02:10
A99: TC-096 | B99: DECISION | C99: P1 | D99: Role × Endpoint Matrix | E99: Decision: ADMIN có thể reset counter | F99: REQ-FUNC-096 | G99: Decision Table | H99: Cao | I99: Đăng nhập admin | J99: 1. POST /templates/{id}/reset-counter | K99: user.admin, template.incident.active | L99: user.admin, template.incident.active | M99: 200 OK. Counter reset về 0 | P99: [API] Không đạt - xem HTML report | Q99: Không đạt | T99: 26/05/2026 02:10
A100: TC-097 | B100: DECISION | C100: P1 | D100: Role × Endpoint Matrix | E100: Decision: OFFICER có thể gọi /draft | F100: REQ-FUNC-097 | G100: Decision Table | H100: Cao | I100: Đăng nhập officer1 | J100: 1. POST /draft {documentType:"INCIDENT"} | K100: user.officer, template.incident.active | L100: user.officer, template.incident.active | M100: 200. previewNumber trả về | P100: [API] Không đạt - xem HTML report | Q100: Không đạt | T100: 26/05/2026 02:10
A101: TC-098 | B101: DECISION | C101: P0 | D101: Role × Endpoint Matrix | E101: Decision: OFFICER KHÔNG thể gọi /reset-counter → 403 | F101: REQ-FUNC-098 | G101: Decision Table | H101: Cao | I101: Đăng nhập officer1 | J101: 1. POST /templates/{id}/reset-counter với token officer1 | K101: user.officer, template.incident.active | L101: user.officer, template.incident.active | M101: 403 Forbidden. Counter không đổi | P101: [API] Đạt như expected. Thời gian: 0ms | Q101: Đạt | T101: 26/05/2026 02:10
A102: TC-099 | B102: DECISION | C102: P0 | D102: Role × Endpoint Matrix | E102: Decision: OFFICER KHÔNG thể tạo template → 403 | F102: REQ-FUNC-099 | G102: Decision Table | H102: Cao | I102: Đăng nhập officer1 | J102: 1. POST /templates với body hợp lệ | K102: user.officer | L102: user.officer | M102: 403 Forbidden | P102: [API] Đạt như expected. Thời gian: 0ms | Q102: Đạt | T102: 26/05/2026 02:10
A103: TC-100 | B103: DECISION | C103: P0 | D103: Role × Endpoint Matrix | E103: Decision: OFFICER KHÔNG thể delete template → 403 | F103: REQ-FUNC-100 | G103: Decision Table | H103: Cao | I103: Đăng nhập officer1 | J103: 1. DELETE /templates/{id} | K103: user.officer, template.incident.active | L103: user.officer, template.incident.active | M103: 403 Forbidden. Template không bị xóa | P103: [API] Không đạt - xem HTML report | Q103: Không đạt | S103: BUG-009 | T103: 26/05/2026 02:10
A104: TC-101 | B104: EP | C104: P0 | D104: EP — documentType | E104: EP documentType: INCIDENT valid | F104: REQ-FUNC-101 | G104: Equivalence Partitioning | H104: Cao | I104: Template INCIDENT active | J104: 1. POST /draft {documentType:"INCIDENT"} | K104: template.incident.active, user.officer | L104: template.incident.active, user.officer | M104: 200 | P104: [API] Đạt như expected. Thời gian: 0ms | Q104: Đạt | T104: 26/05/2026 02:10
A105: TC-102 | B105: EP | C105: P0 | D105: EP — documentType | E105: EP documentType: PETITION valid | F105: REQ-FUNC-102 | G105: Equivalence Partitioning | H105: Cao | I105: Template PETITION active | J105: 1. POST /draft {documentType:"PETITION"} | K105: template.petition.active, user.officer | L105: template.petition.active, user.officer | M105: 200 | P105: [API] Đạt như expected. Thời gian: 0ms | Q105: Đạt | T105: 26/05/2026 02:10
A106: TC-103 | B106: EP | C106: P0 | D106: EP — documentType | E106: EP documentType: CASE valid | F106: REQ-FUNC-103 | G106: Equivalence Partitioning | H106: Cao | I106: Template CASE active | J106: 1. POST /draft {documentType:"CASE"} | K106: template.case.active, user.officer | L106: template.case.active, user.officer | M106: 200 | P106: [API] Đạt như expected. Thời gian: 0ms | Q106: Đạt | T106: 26/05/2026 02:10
A107: TC-104 | B107: EP | C107: P1 | D107: EP — documentType | E107: EP documentType: null → 400 | F107: REQ-FUNC-104 | G107: Equivalence Partitioning | H107: Cao | I107: Đăng nhập officer | J107: 1. POST /draft {documentType:null} | K107: user.officer | L107: user.officer | M107: 400 Bad Request | P107: [API] Không đạt - xem HTML report | Q107: Không đạt | S107: BUG-010 | T107: 26/05/2026 02:10
A108: TC-105 | B108: EP | C108: P1 | D108: EP — documentType | E108: EP documentType: số nguyên → 400 | F108: REQ-FUNC-105 | G108: Equivalence Partitioning | H108: Cao | I108: Đăng nhập officer | J108: 1. POST /draft {documentType:12345} | K108: user.officer | L108: user.officer | M108: 400 Bad Request | P108: [API] Không đạt - xem HTML report | Q108: Không đạt | S108: BUG-011 | T108: 26/05/2026 02:10
A109: TC-106 | B109: A11Y | C109: P1 | D109: A11Y — DocNumberPreviewField | E109: A11Y: DocNumberPreviewField AUTO mode có aria-label mô tả | F109: REQ-A11Y-106 | G109: WCAG 2.1 AA | H109: Cao | I109: Form tạo vụ việc, trình đọc màn hình NVDA/JAWS | J109: 1. Tab đến field Mã vụ việc 2. Nghe screen reader đọc | K109: template.incident.active, user.officer | L109: template.incident.active, user.officer | M109: Screen reader đọc: 'Mã vụ việc: VV-2026-00108, Tự động sinh'. Không đọc mã kỹ thuật như UUID. aria-label hoặc aria-describedby có mô tả đầy đủ | P109: High [E2E] Đạt như expected. Thời gian: 0ms | R109: Đạt | T109: 25/05/2026 15:54 | U109: R1:Đạt
A110: TC-107 | B110: A11Y | C110: P2 | D110: A11Y — DocNumberPreviewField | E110: A11Y: lock icon trong DocNumberPreviewField có aria-hidden | F110: REQ-A11Y-107 | G110: WCAG 2.1 AA | H110: TB | I110: Form tạo vụ việc | J110: 1. Inspect DOM của field 2. Kiểm tra lock icon SVG | K110: template.incident.active, user.officer | L110: template.incident.active, user.officer | M110: Lock icon SVG có aria-hidden='true'. Screen reader không đọc icon, chỉ đọc text và aria-label | P110: Medium [E2E] Đạt như expected. Thời gian: 0ms | R110: Đạt | T110: 25/05/2026 15:54 | U110: R1:Đạt
A111: TC-108 | B111: A11Y | C111: P1 | D111: A11Y — DocNumberPreviewField OVERRIDE | E111: A11Y: nút 'Nhập tay' focusable bằng keyboard (Tab) | F111: REQ-A11Y-108 | G111: WCAG 2.1 AA | H111: Cao | I111: Form vật chứng, inputMode=AUTO_WITH_OVERRIDE | J111: 1. Tab đến field vật chứng 2. Tab một lần nữa → focus vào nút 'Nhập tay' 3. Enter để click | K111: template.evidence.override, user.officer | L111: template.evidence.override, user.officer | M111: Nút 'Nhập tay' nhận focus (visible focus ring). Enter kích hoạt toggle sang manual mode. Không cần chuột | P111: High [E2E] Lỗi: TimeoutError: page.waitForURL: Timeout 10000ms exceeded. =========================== logs =========================== waiting for navigation until "load" ============================================== | R111: Không đạt | S111: BUG-116 | T111: 25/05/2026 15:54 | U111: R1:Không đạt
A112: TC-109 | B112: A11Y | C112: P1 | D112: A11Y — TemplateFormModal | E112: A11Y: modal TemplateFormModal trap focus khi mở | F112: REQ-A11Y-109 | G112: WCAG 2.1 AA | H112: Cao | I112: Admin mở modal 'Thêm mới' | J112: 1. Mở modal 2. Tab nhiều lần 3. Shift+Tab từ element đầu tiên | K112: user.admin | L112: user.admin | M112: Focus cycle trong modal: không thoát ra ngoài. Shift+Tab từ element đầu → focus về element cuối. Không trapped ở ngoài modal | P112: High [E2E] Lỗi: Error: expect(received).toBe(expected) // Object.is equality Expected: false Received: true 87 | await page.waitForT | R112: Không đạt | S112: BUG-117 | T112: 25/05/2026 15:54 | U112: R1:Không đạt
A113: TC-110 | B113: A11Y | C113: P1 | D113: A11Y — TemplateFormModal | E113: A11Y: Escape key đóng modal TemplateFormModal | F113: REQ-A11Y-110 | G113: WCAG 2.1 AA | H113: Cao | I113: Admin, modal đang mở | J113: 1. Mở modal 2. Nhấn Escape | K113: user.admin | L113: user.admin | M113: Modal đóng. Focus trả về nút 'Thêm mới' (trigger). Không mất context | P113: High [E2E] Lỗi: TimeoutError: page.waitForURL: Timeout 10000ms exceeded. =========================== logs =========================== waiting for navigation until "load" ============================================== | R113: Không đạt | S113: BUG-118 | T113: 25/05/2026 15:54 | U113: R1:Không đạt
A114: TC-111 | B114: A11Y | C114: P2 | D114: A11Y — Color Contrast | E114: A11Y: badge inputMode có đủ contrast 4.5:1 (WCAG AA) | F114: REQ-A11Y-111 | G114: WCAG 2.1 AA | H114: TB | I114: Trang /settings/document-numbers | J114: 1. Kiểm tra badge 'Tự động' (xanh lá) bằng browser DevTools Accessibility panel 2. Tính contrast ratio | K114: user.admin, templates.all_seeded | L114: user.admin, templates.all_seeded | M114: Contrast ratio badge text vs background >= 4.5:1. Nếu dùng --docnum-auto-bg=#dcfce7, --docnum-auto-text=#166534 → ratio ≈ 7.5:1 (PASS) | P114: Medium [E2E] Lỗi: TimeoutError: page.waitForURL: Timeout 10000ms exceeded. =========================== logs =========================== waiting for navigation until "load" ============================================== | R114: Không đạt | S114: BUG-119 | T114: 25/05/2026 15:54 | U114: R1:Không đạt
...

Sheet Test Data
A1: 1. TÀI KHOẢN KIỂM THỬ
A2: ID | B2: Email | C2: Mật khẩu | D2: Vai trò | E2: Trạng thái | F2: Mục đích | G2: Ghi chú
A3: user.admin | D3: ACTIVE | E3: Active | F3: Admin user (admin@pc02.local) với role ADMIN
A4: user.officer | D4: ACTIVE | E4: Active | F4: Officer user (officer1@pc02.local) với role OFFICER
A5: user.officer_with_workid | D5: ACTIVE | E5: Active | F5: Officer có workId='A001' (dùng để test Formula ctx:Login.workId)
A6: user.no_workid | D6: ACTIVE | E6: Active | F6: Officer không có workId (workId=null)
A9: 2. BOUNDARY VALUES (BVA)
A10: Field | B10: Giá trị | C10: Loại | D10: Kỳ vọng | E10: Ghi chú
A11: template.name | B11: A | C11: min | D11: 201 Created
A12: template.name | B12: AAAAAAAAAAAAAAAAAAAAAAAAAAAAAAAAAAAAAAAAAAAAAAAAAAAAAAAAAAAAAAAAAAAAAAAAAAAAAAAAAAAAAAAAAAAAAAAAAAAAAAAAAAAAAAAAAAAAAAAAAAAAAAAAAAAAAAAAAAAAAAAAAAAAAAAAAAAAAAAAAAAAAAAAAAAAAAAAAAAAAAAAAAAAAAAAAAAAAAAA | C12: max | D12: 201 Created | E12: 200 chars
A13: template.name | B13: AAAAAAAAAAAAAAAAAAAAAAAAAAAAAAAAAAAAAAAAAAAAAAAAAAAAAAAAAAAAAAAAAAAAAAAAAAAAAAAAAAAAAAAAAAAAAAAAAAAAAAAAAAAAAAAAAAAAAAAAAAAAAAAAAAAAAAAAAAAAAAAAAAAAAAAAAAAAAAAAAAAAAAAAAAAAAAAAAAAAAAAAAAAAAAAAAAAAAAAAA | C13: max+1 | D13: 400 name too long
A14: counterConfig.padding | B14: 0 | C14: min-1 | D14: 400 validation error
A15: counterConfig.padding | B15: 1 | C15: min | D15: 201 Created
A16: counterConfig.padding | B16: 10 | C16: max | D16: 201 Created
A17: counterConfig.padding | B17: 11 | C17: max+1 | D17: 400 padding too large
A18: counterConfig.minValue | B18: 0 | C18: min-1 | D18: 400 minValue >= 1
A19: counterConfig.minValue | B19: 1 | C19: min | D19: 201 Created
A20: counterConfig.maxValue | B20: 2147483647 | C20: INT_MAX | D20: 201 Created | E20: postgres int max
A21: pageSize | B21: 0 | C21: min-1 | D21: 400 pageSize >= 1
A22: pageSize | B22: 1 | C22: min | D22: 200 OK
A23: pageSize | B23: 100 | C23: max | D23: 200 OK
A24: pageSize | B24: 1000 | C24: max+1 | D24: 400 or capped at 100
A27: 3. SECURITY PAYLOADS (OWASP)
A28: Field/Endpoint | B28: Payload | C28: Loại tấn công | D28: Kỳ vọng | E28: OWASP Reference
A29: POST /templates body.name | B29: ' OR 1=1 -- | C29: SQL Injection | D29: 400 validation error | E29: A03:2021
A30: POST /templates body.name | B30: <script>alert(1)</script> | C30: XSS | D30: 400 or escaped | E30: A03:2021
A31: Authorization header | B31: Bearer invalid.token.here | C31: Invalid JWT | D31: 401 Unauthorized | E31: A07:2021
A32: Authorization header | B32: header.eyJhbGciOiJub25lIn0.payload. | C32: JWT alg:none | D32: 401 Unauthorized | E32: A07:2021
A33: GET /logs?templateId | B33: 00000000-0000-0000-0000-000000000000 | C33: IDOR | D33: 200 empty (not 403) | E33: A01:2021
A34: GET /templates?page | B34: 1; DROP TABLE templates; -- | C34: SQL Injection pagination | D34: 400 invalid page | E34: A03:2021
A35: POST /templates body.segments[].value | B35: VV[NULL]INJECT (null byte) | C35: Null byte injection | D35: 400 or stripped | E35: A03:2021
A36: POST /templates body.name | B36: AAAAAAAAAAAAAAAAAAAAAAAAAAAAAAAAAAAAAAAAAAAAAAAAAAAAAAAAAAAAAAAAAAAAAAAAAAAAAAAAAAAAAAAAAAAAAAAAAAAAAAAAAAAAAAAAAAAAAAAAAAAAAAAAAAAAAAAAAAAAAAAAAAAAAAAAAAAAAAAAAAAAAAAAAAAAAAAAAAAAAAAAAAAAAAAAAAAAAAAAAAAAAAAAAAAAAAAAAAAAAAAAAAAAAAAAAAAAAAAAAAAAAAAAAAAAAAAAAAAAAAAAAAAAAAAAAAAAAAAAAAAAAAAAAAAAAAAAAAAAAAAAAAAAAAAAAAAAAAAAAAAAAAAAAAAAAAAAAAAAAAAAAAAAAAAAAAAAAAAAAAAAAAAAAAAAAAAAAAAAAAAAAAAAAAAAAAAAAAAAAAAAAAAAAAAAAAAAAAAAAAAAAAAAAAAAAAAAAAAAAAAAAAAAAAAAAAAAAAAAAAAAAAAAAAAAAAAAAAAAAAAAAAAAAAAAAAAAAAAAAAAAAAAAAAAAAAAAAAAAAAAAAAAAAAAAAAAAAAAAAAAAAAAAAAAAAAAAAAAAAAAAAAAAAAAAAAAAAAAAAAAAAAAAAAAAAAAAAAAAAAAAAAAAAAAAAAAAAAAAAAAAAAAAAAAAAAAAAAAAAAAAAAAAAAAAAAAAAAAAAAAAAAAAAAAAAAAAAAAAAAAAAAAAAAAAAAAAAAAAAAAAAAAAAAAAAAAAAAAAAAAAAAAAAAAAAAAAAAAAAAAAAAAAAAAAAAAAAAAAAAAAAAAAAAAAAAAAAAAAAAAAAAAAAAAAAAAAAAAAAAAAAAAAAAAAAAAAAAAAAAAAAAAAAAAAAAAAAAAAAAAAAAAAAAAAAAAAAAAAAAAAAAAAAAAAAAAAAAAAAAAAAAAAAAAAAAAAAAAAAAAAAAAAAAAAAAAAAAAAAAAAAAAAAAAAAAAAAAAAAAAAAAAAAAAAAAAAAAAAAAAAAAAAAAAAAAAAAAAAAAAAAAAAAAAAAAAAAAAAAAAAAAAAAAAAAAAAAAAAAAAAAAAAAAAAAAAAAAAAAAAAAAAAAAAAAAAAAAAAAAAAAAAAAAAAAAAAAAAAAAAAAAAAAAAAAAAAAAAAAAAAAAAAAAAAAAAAAAAAAAAAAAAAAAAAAAAAAAAAAAAAAAAAAAAAAAAAAAAAAAAAAAAAAAAAAAAAAAAAAAAAAAAAAAAAAAAAAAAAAAAAAAAAAAAAAAAAAAAAAAAAAAAAAAAAAAAAAAAAAAAAAAAAAAAAAAAAAAAAAAAAAAAAAAAAAAAAAAAAAAAAAAAAAAAAAAAAAAAAAAAAAAAAAAAAAAAAAAAAAAAAAAAAAAAAAAAAAAAAAAAAAAAAAAAAAAAAAAAAAAAAAAAAAAAAAAAAAAAAAAAAAAAAAAAAAAAAAAAAAAAAAAAAAAAAAAAAAAAAAAAAAAAAAAAAAAAAAAAAAAAAAAAAAAAAAAAAAAAAAAAAAAAAAAAAAAAAAAAAAAAAAAAAAAAAAAAAAAAAAAAAAAAAAAAAAAAAAAAAAAAAAAAAAAAAAAAAAAAAAAAAAAAAAAAAAAAAAAAAAAAAAAAAAAAAAAAAAAAAAAAAAAAAAAAAAAAAAAAAAAAAAAAAAAAAAAAAAAAAAAAAAAAAAAAAAAAAAAAAAAAAAAAAAAAAAAAAAAAAAAAAAAAAAAAAAAAAAAAAAAAAAAAAAAAAAAAAAAAAAAAAAAAAAAAAAAAAAAAAAAAAAAAAAAAAAAAAAAAAAAAAAAAAAAAAAAAAAAAAAAAAAAAAAAAAAAAAAAAAAAAAAAAAAAAAAAAAAAAAAAAAAAAAAAAAAAAAAAAAAAAAAAAAAAAAAAAAAAAAAAAAAAAAAAAAAAAAAAAAAAAAAAAAAAAAAAAAAAAAAAAAAAAAAAAAAAAAAAAAAAAAAAAAAAAAAAAAAAAAAAAAAAAAAAAAAAAAAAAAAAAAAAAAAAAAAAAAAAAAAAAAAAAAAAAAAAAAAAAAAAAAAAAAAAAAAAAAAAAAAAAAAAAAAAAAAAAAAAAAAAAAAAAAAAAAAAAAAAAAAAAAAAAAAAAAAAAAAAAAAAAAAAAAAAAAAAAAAAAAAAAAAAAAAAAAAAAAAAAAAAAAAAAAAAAAAAAAAAAAAAAAAAAAAAAAAAAAAAAAAAAAAAAAAAAAAAAAAAAAAAAAAAAAAAAAAAAAAAAAAAAAAAAAAAAAAAAAAAAAAAAAAAAAAAAAAAAAAAAAAAAAAAAAAAAAAAAAAAAAAAAAAAAAAAAAAAAAAAAAAAAAAAAAAAAAAAAAAAAAAAAAAAAAAAAAAAAAAAAAAAAAAAAAAAAAAAAAAAAAAAAAAAAAAAAAAAAAAAAAAAAAAAAAAAAAAAAAAAAAAAAAAAAAAAAAAAAAAAAAAAAAAAAAAAAAAAAAAAAAAAAAAAAAAAAAAAAAAAAAAAAAAAAAAAAAAAAAAAAAAAAAAAAAAAAAAAAAAAAAAAAAAAAAAAAAAAAAAAAAAAAAAAAAAAAAAAAAAAAAAAAAAAAAAAAAAAAAAAAAAAAAAAAAAAAAAAAAAAAAAAAAAAAAAAAAAAAAAAAAAAAAAAAAAAAAAAAAAAAAAAAAAAAAAAAAAAAAAAAAAAAAAAAAAAAAAAAAAAAAAAAAAAAAAAAAAAAAAAAAAAAAAAAAAAAAAAAAAAAAAAAAAAAAAAAAAAAAAAAAAAAAAAAAAAAAAAAAAAAAAAAAAAAAAAAAAAAAAAAAAAAAAAAAAAAAAAAAAAAAAAAAAAAAAAAAAAAAAAAAAAAAAAAAAAAAAAAAAAAAAAAAAAAAAAAAAAAAAAAAAAAAAAAAAAAAAAAAAAAAAAAAAAAAAAAAAAAAAAAAAAAAAAAAAAAAAAAAAAAAAAAAAAAAAAAAAAAAAAAAAAAAAAAAAAAAAAAAAAAAAAAAAAAAAAAAAAAAAAAAAAAAAAAAAAAAAAAAAAAAAAAAAAAAAAAAAAAAAAAAAAAAAAAAAAAAAAAAAAAAAAAAAAAAAAAAAAAAAAAAAAAAAAAAAAAAAAAAAAAAAAAAAAAAAAAAAAAAAAAAAAAAAAAAAAAAAAAAAAAAAAAAAAAAAAAAAAAAAAAAAAAAAAAAAAAAAAAAAAAAAAAAAAAAAAAAAAAAAAAAAAAAAAAAAAAAAAAAAAAAAAAAAAAAAAAAAAAAAAAAAAAAAAAAAAAAAAAAAAAAAAAAAAAAAAAAAAAAAAAAAAAAAAAAAAAAAAAAAAAAAAAAAAAAAAAAAAAAAAAAAAAAAAAAAAAAAAAAAAAAAAAAAAAAAAAAAAAAAAAAAAAAAAAAAAAAAAAAAAAAAAAAAAAAAAAAAAAAAAAAAAAAAAAAAAAAAAAAAAAAAAAAAAAAAAAAAAAAAAAAAAAAAAAAAAAAAAAAAAAAAAAAAAAAAAAAAAAAAAAAAAAAAAAAAAAAAAAAAAAAAAAAAAAAAAAAAAAAAAAAAAAAAAAAAAAAAAAAAAAAAAAAAAAAAAAAAAAAAAAAAAAAAAAAAAAAAAAAAAAAAAAAAAAAAAAAAAAAAAAAAAAAAAAAAAAAAAAAAAAAAAAAAAAAAAAAAAAAAAAAAAAAAAAAAAAAAAAAAAAAAAAAAAAAAAAAAAAAAAAAAAAAAAAAAAAAAAAAAAAAAAAAAAAAAAAAAAAAAAAAAAAAAAAAAAAAAAAAAAAAAAAAAAAAAAAAAAAAAAAAAAAAAAAAAAAAAAAAAAAAAAAAAAAAAAAAAAAAAAAAAAAAAAAAAAAAAAAAAAAAAAAAAAAAAAAAAAAAAAAAAAAAAAAAAAAAAAAAAAAAAAAAAAAAAAAAAAAAAAAAAAAAAAAAAAAAAAAAAAAAAAAAAAAAAAAAAAAAAAAAAAAAAAAAAAAAAAAAAAAAAAAAAAAAAAAAAAAAAAAAAAAAAAAAAAAAAAAAAAAAAAAAAAAAAAAAAAAAAAAAAAAAAAAAAAAAAAAAAAAAAAAAAAAAAAAAAAAAAAAAAAAAAAAAAAAAAAAAAAAAAAAAAAAAAAAAAAAAAAAAAAAAAAAAAAAAAAAAAAAAAAAAAAAAAAAAAAAAAAAAAAAAAAAAAAAAAAAAAAAAAAAAAAAAAAAAAAAAAAAAAAAAAAAAAAAAAAAAAAAAAAAAAAAAAAAAAAAAAAAAAAAAAAAAAAAAAAAAAAAAAAAAAAAAAAAAAAAAAAAAAAAAAAAAAAAAAAAAAAAAAAAAAAAAAAAAAAAAAAAAAAAAAAAAAAAAAAAAAAAAAAAAAAAAAAAAAAAAAAAAAAAAAAAAAAAAAAAAAAAAAAAAAAAAAAAAAAAAAAAAAAAAAAAAAAAAAAAAAAAAAAAAAAAAAAAAAAAAAAAAAAAAAAAAAAAAAAAAAAAAAAAAAAAAAAAAAAAAAAAAAAAAAAAAAAAAAAAAAAAAAAAAAAAAAAAAAAAAAAAAAAAAAAAAAAAAAAAAAAAAAAAAAAAAAAAAAAAAAAAAAAAAAAAAAAAAAAAAAAAAAAAAAAAAAAAAAAAAAAAAAAAAAAAAAAAAAAAAAAAAAAAAAAAAAAAAAAAAAAAAAAAAAAAAAAAAAAAAAAAAAAAAAAAAAAAAAAAAAAAAAAAAAAAAAAAAAAAAAAAAAAAAAAAAAAAAAAAAAAAAAAAAAAAAAAAAAAAAAAAAAAAAAAAAAAAAAAAAAAAAAAAAAAAAAAAAAAAAAAAAAAAAAAAAAAAAAAAAAAAAAAAAAAAAAAAAAAAAAAAAAAAAAAAAAAAAAAAAAAAAAAAAAAAAAAAAAAAAAAAAAAAAAAAAAAAAAAAAAAAAAAAAAAAAAAAAAAAAAAAAAAAAAAAAAAAAAAAAAAAAAAAAAAAAAAAAAAAAAAAAAAAAAAAAAAAAAAAAAAAAAAAAAAAAAAAAAAAAAAAAAAAAAAAAAAAAAAAAAAAAAAAAAAAAAAAAAAAAAAAAAAAAAAAAAAAAAAAAAAAAAAAAAAAAAAAAAAAAAAAAAAAAAAAAAAAAAAAAAAAAAAAAAAAAAAAAAAAAAAAAAAAAAAAAAAAAAAAAAAAAAAAAAAAAAAAAAAAAAAAAAAAAAAAAAAAAAAAAAAAAAAAAAAAAAAAAAAAAAAAAAAAAAAAAAAAAAAAAAAAAAAAAAAAAAAAAAAAAAAAAAAAAAAAAAAAAAAAAAAAAAAAAAAAAAAAAAAAAAAAAAAAAAAAAAAAAAAAAAAAAAAAAAAAAAAAAAAAAAAAAAAAAAAAAAAAAAAAAAAAAAAAAAAAAAAAAAAAAAAAAAAAAAAAAAAAAAAAAAAAAAAAAAAAAAAAAAAAAAAAAAAAAAAAAAAAAAAAAAAAAAAAAAAAAAAAAAAAAAAAAAAAAAAAAAAAAAAAAAAAAAAAAAAAAAAAAAAAAAAAAAAAAAAAAAAAAAAAAAAAAAAAAAAAAAAAAAAAAAAAAAAAAAAAAAAAAAAAAAAAAAAAAAAAAAAAAAAAAAAAAAAAAAAAAAAAAAAAAAAAAAAAAAAAAAAAAAAAAAAAAAAAAAAAAAAAAAAAAAAAAAAAAAAAAAAAAAAAAAAAAAAAAAAAAAAAAAAAAAAAAAAAAAAAAAAAAAAAAAAAAAAAAAAAAAAAAAAAAAAAAAAAAAAAAAAAAAAAAAAAAAAAAAAAAAAAAAAAAAAAAAAAAAAAAAAAAAAAAAAAAAAAAAAAAAAAAAAAAAAAAAAAAAAAAAAAAAAAAAAAAAAAAAAAAAAAAAAAAAAAAAAAAAAAAAAAAAAAAAAAAAAAAAAAAAAAAAAAAAAAAAAAAAAAAAAAAAAAAAAAAAAAAAAAAAAAAAAAAAAAAAAAAAAAAAAAAAAAAAAAAAAAAAAAAAAAAAAAAAAAAAAAAAAAAAAAAAAAAAAAAAAAAAAAAAAAAAAAAAAAAAAAAAAAAAAAAAAAAAAAAAAAAAAAAAAAAAAAAAAAAAAAAAAAAAAAAAAAAAAAAAAAAAAAAAAAAAAAAAAAAAAAAAAAAAAAAAAAAAAAAAAAAAAAAAAAAAAAAAAAAAAAAAAAAAAAAAAAAAAAAAAAAAAAAAAAAAAAAAAAAAAAAAAAAAAAAAAAAAAAAAAAAAAAAAAAAAAAAAAAAAAAAAAAAAAAAAAAAAAAAAAAAAAAAAAAAAAAAAAAAAAAAAAAAAAAAAAAAAAAAAAAAAAAAAAAAAAAAAAAAAAAAAAAAAAAAAAAAAAAAAAAAAAAAAAAAAAAAAAAAAAAAAAAAAAAAAAAAAAAAAAAAAAAAAAAAAAAAAAAAAAAAAAAAAAAAAAAAAAAAAAAAAAAAAAAAAAAAAAAAAAAAAAAAAAAAAAAAAAAAAAAAAAAAAAAAAAAAAAAAAAAAAAAAAAAAAAAAAAAAAAAAAAAAAAAAAAAAAAAAAAAAAAAAAAAAAAAAAAAAAAAAAAAAAAAAAAAAAAAAAAAAAAAAAAAAAAAAAAAAAAAAAAAAAAAAAAAAAAAAAAAAAAAAAAAAAAAAAAAAAAAAAAAAAAAAAAAAAAAAAAAAAAAAAAAAAAAAAAAAAAAAAAAAAAAAAAAAAAAAAAAAAAAAAAAAAAAAAAAAAAAAAAAAAAAAAAAAAAAAAAAAAAAAAAAAAAAAAAAAAAAAAAAAAAAAAAAAAAAAAAAAAAAAAAAAAAAAAAAAAAAAAAAAAAAAAAAAAAAAAAAAAAAAAAAAAAAAAAAAAAAAAAAAAAAAAAAAAAAAAAAAAAAAAAAAAAAAAAAAAAAAAAAAAAAAAAAAAAAAAAAAAAAAAAAAAAAAAAAAAAAAAAAAAAAAAAAAAAAAAAAAAAAAAAAAAAAAAAAAAAAAAAAAAAAAAAAAAAAAAAAAAAAAAAAAAAAAAAAAAAAAAAAAAAAAAAAAAAAAAAAAAAAAAAAAAAAAAAAAAAAAAAAAAAAAAAAAAAAAAAAAAAAAAAAAAAAAAAAAAAAAAAAAAAAAAAAAAAAAAAAAAAAAAAAAAAAAAAAAAAAAAAAAAAAAAAAAAAAAAAAAAAAAAAAAAAAAAAAAAAAAAAAAAAAAAAAAAAAAAAAAAAAAAAAAAAAAAAAAAAAAAAAAAAAAAAAAAAAAAAAAAAAAAAAAAAAAAAAAAAAAAAAAAAAAAAAAAAAAAAAAAAAAAAAAAAAAAAAAAAAAAAAAAAAAAAAAAAAAAAAAAAAAAAAAAAAAAAAAAAAAAAAAAAAAAAAAAAAAAAAAAAAAAAAAAAAAAAAAAAAAAAAAAAAAAAAAAAAAAAAAAAAAAAAAAAAAAAAAAAAAAAAAAAAAAAAAAAAAAAAAAAAAAAAAAAAAAAAAAAAAAAAAAAAAAAAAAAAAAAAAAAAAAAAAAAAAAAAAAAAAAAAAAAAAAAAAAAAAAAAAAAAAAAAAAAAAAAAAAAAAAAAAAAAAAAAAAAAAAAAAAAAAAAAAAAAAAAAAAAAAAAAAAAAAAAAAAAAAAAAAAAAAAAAAAAAAAAAAAAAAAAAAAAAAAAAAAAAAAAAAAAAAAAAAAAAAAAAAAAAAAAAAAAAAAAAAAAAAAAAAAAAAAAAAAAAAAAAAAAAAAAAAAAAAAAAAAAAAAAAAAAAAAAAAAAAAAAAAAAAAAAAAAAAAAAAAAAAAAAAAAAAAAAAAAAAAAAAAAAAAAAAAAAAAAAAAAAAAAAAAAAAAAAAAAAAAAAAAAAAAAAAAAAAAAAAAAAAAAAAAAAAAAAAAAAAAAAAAAAAAAAAAAAAAAAAAAAAAAAAAAAAAAAAAAAAAAAAAAAAAAAAAAAAAAAAAAAAAAAAAAAAAAAAAAAAAAAAAAAAAAAAAAAAAAAAAAAAAAAAAAAAAAAAAAAAAAAAAAAAAAAAAAAAAAAAAAAAAAAAAAAAAAAAAAAAAAAAAAAAAAAAAAAAAAAAAAAAAAAAAAAAAAAAAAAAAAAAAAAAAAAAAAAAAAAAAAAAAAAAAAAAAAAAAAAAAAAAAAAAAAAAAAAAAAAAAAAAAAAAAAAAAAAAAAAAAAAAAAAAAAAAAAAAAAAAAAAAAAAAAAAAAAAAAAAAAAAAAAAAAAAAAAAAAAAAAAAAAAAAAAAAAAAAAAAAAAAAAAAAAAAAAAAAAAAAAAAAAAAAAAAAAAAAAAAAAAAAAAAAAAAAAAAAAAAAAAAAAAAAAAAAAAAAAAAAAAAAAAAAAAAAAAAAAAAAAAAAAAAAAAAAAAAAAAAAAAAAAAAAAAAAAAAAAAAAAAAAAAAAAAAAAAAAAAAAAAAAAAAAAAAAAAAAAAAAAAAAAAAAAAAAAAAAAAAAAAAAAAAAAAAAAAAAAAAAAAAAAAAAAAAAAAAAAAAAAAAAAAAAAAAAAAAAAAAAAAAAAAAAAAAAAAAAAAAAAAAAAAAAAAAAAAAAAAAAAAAAAAAAAAAAAAAAAAAAAAAAAAAAAAAAAAAAAAAAAAAAAAAAAAAAAAAAAAAAAAAAAAAAAAAAAAAAAAAAAAAAAAAAAAAAAAAAAAAAAAAAAAAAAAAAAAAAAAAAAAAAAAAAAAAAAAAAAAAAAAAAAAAAAAAAAAAAAAAAAAAAAAAAAAAAAAAAAAAAAAAAAAAAAAAAAAAAAAAAAAAAAAAAAAAAAAAAAAAAAAAAAAAAAAAAAAAAAAAAAAAAAAAAAAAAAAAAAAAAAAAAAAAAAAAAAAAAAAAAAAAAAAAAAAAAAAAAAAAAAAAAAAAAAAAAAAAAAAAAAAAAAAAAAAAAAAAAAAAAAAAAAAAAAAAAAAAAAAAAAAAAAAAAAAAAAAAAAAAAAAAAAAAAAAAAAAAAAAAAAAAAAAAAAAAAAAAAAAAAAAAAAAAAAAAAAAAAAAAAAAAAAAAAAAAAAAAAAAAAAAAAAAAAAAAAAAAAAAAAAAAAAAAAAAAAAAAAAAAAAAAAAAAAAAAAAAAAAAAAAAAAAAAAAAAAAAAAAAAAAAAAAAAAAAAAAAAAAAAAAAAAAAAAAAAAAAAAAAAAAAAAAAAAAAAAAAAAAAAAAAAAAAAAAAAAAAAAAAAAAAAAAAAAAAAAAAAAAAAAAAAAAAAAAAAAAAAAAAAAAAAAAAAAAAAAAAAAAAAAAAAAAAAAAAAAAAAAAAAAAAAAAAAAAAAAAAAAAAAAAAAAAAAAAAAAAAAAAAAAAAAAAAAAAAAAAAAAAAAAAAAAAAAAAAAAAAAAAAAAAAAAAAAAAAAAAAAAAAAAAAAAAAAAAAAAAAAAAAAAAAAAAAAAAAAAAAAAAAAAAAAAAAAAAAAAAAAAAAAAAAAAAAAAAAAAAAAAAAAAAAAAAAAAAAAAAAAAAAAAAAAAAAAAAAAAAAAAAAAAAAAAAAAAAAAAAAAAAAAAAAAAAAAAAAAAAAAAAAAAAAAAAAAAAAAAAAAAAAAAAAAAAAAAAAAAAAAAAAAAAAAAAAAAAAAAAAAAAAAAAAAAAAAAAAAAAAAAAAAAAAAAAAAAAAAAAAAAAAAAAAAAAAAAAAAAAAAAAAAAAAAAAAAAAAAAAAAAAAAAAAAAAAAAAAAAAAAAAAAAAAAAAAAAAAAAAAAAAAAAAAAAAAAAAAAAAAAAAAAAAAAAAAAAAAAAAAAAAAAAAAAAAAAAAAAAAAAAAAAAAAAAAAAAAAAAAAAAAAAAAAAAAAAAAAAAAAAAAAAAAAAAAAAAAAAAAAAAAAAAAAAAAAAAAAAAAAAAAAAAAAAAAAAAAAAAAAAAAAAAAAAAAAAAAAAAAAAAAAAAAAAAAAAAAAAAAAAAAAAAAAAAAAAAAAAAAAAAAAAAAAAAAAAAAAAAAAAAAAAAAAAAAAAAAAAAAAAAAAAAAAAAAAAAAAAAAAAAAAAAAAAAAAAAAAAAAAAAAAAAAAAAAAAAAAAAAAAAAAAAAAAAAAAAAAAAAAAAAAAAAAAAAAAAAAAAAAAAAAAAAAAAAAAAAAAAAAAAAAAAAAAAAAAAAAAAAAAAAAAAAAAAAAAAAAAAAAAAAAAAAAAAAAAAAAAAAAAAAAAAAAAAAAAAAAAAAAAAAAAAAAAAAAAAAAAAAAAAAAAAAAAAAAAAAAAAAAAAAAAAAAAAAAAAAAAAAAAAAAAAAAAAAAAAAAAAAAAAAAAAAAAAAAAAAAAAAAAAAAAAAAAAAAAAAAAAAAAAAAAAAAAAA | C36: Long payload DoS | D36: 400 name too long | E36: A05:2021

Sheet Data Matrix
A1: 🗂️ DATA MATURITY MATRIX — Fixtures runner seed tự động trước mỗi test
A2: Mỗi fixture có ID format <entity>.<state>.<lifecycle>.<shape>. Runner đọc setup_recipe → tự seed data trước test, KHÔNG cần human chạy SQL. Cleanup tự động sau test.
A3: Fixture ID | B3: Entity | C3: State | D3: Lifecycle | E3: Shape | F3: Mô tả | G3: Setup type | H3: Setup recipe | I3: Cleanup recipe | J3: Outputs | K3: TC sử dụng
A4: template.incident.active | B4: DocumentNumberTemplate | C4: active | E4: single | F4: Template INCIDENT active, segments=[LITERAL:VV, FORMULA:YYYY, COUNTER], padding=5, minValue=1, maxValue=99999, resetPeriod=YEARLY | H4: {"method": "seed", "command": "cd backend && node dist/prisma/seed-document-numbers.js", "note": "Template seeded tự động khi deploy. Verify: GET /api/v1/document-numbers/templates | jq '.[] | select(.documentType==\"INCIDENT\")'", "sql_verify": "SELECT id FROM document_number_templates WHERE document_type='INCIDENT' AND is_active=true LIMIT 1"} | I4: {"note": "No cleanup needed — seed is idempotent"} | J4: {"template_id": "$.id", "counter_config": "$.counterConfig"} | K4: TC-001, TC-002, TC-006, TC-008, TC-010, TC-015, TC-016, TC-019, TC-020, TC-021, TC-022, TC-025, TC-032, TC-034, TC-035, TC-036, TC-043, TC-048, TC-050, TC-051, TC-053, TC-058, TC-060, TC-071, TC-074, TC-075, TC-078, TC-079, TC-082, TC-083, TC-084, TC-090, TC-092, TC-093, TC-096, TC-097, TC-098, TC-100, TC-101, TC-106, TC-107, TC-116, TC-119, TC-120, TC-122, TC-125, TC-128, TC-129, TC-134, TC-135, TC-136, TC-151, TC-153, TC-154, TC-183, TC-184, TC-185, TC-188, TC-204, TC-205, TC-211, TC-212, TC-220, TC-221, TC-222, TC-229, TC-239, TC-242, TC-248, TC-249, TC-252, TC-253, TC-260, TC-263, TC-267, TC-268, TC-276, TC-279, TC-281, TC-286, TC-294, TC-295, TC-296, TC-298, TC-299, TC-300, TC-302, TC-304, TC-306, TC-307, TC-316
A5: template.case.active | B5: DocumentNumberTemplate | C5: active | E5: single | F5: Template CASE active, segments=[LITERAL:HS, FORMULA:YYYY, COUNTER], padding=3, resetPeriod=YEARLY | H5: {"method": "seed", "command": "cd backend && node dist/prisma/seed-document-numbers.js", "sql_verify": "SELECT id FROM document_number_templates WHERE document_type='CASE' AND is_active=true LIMIT 1"} | I5: {"note": "No cleanup needed"} | J5: {"template_id": "$.id"} | K5: TC-018, TC-059, TC-103, TC-123, TC-128, TC-132, TC-310
A6: template.petition.active | B6: DocumentNumberTemplate | C6: active | E6: single | F6: Template PETITION active, segments=[LITERAL:DT, FORMULA:YYYY, COUNTER], padding=5, resetPeriod=YEARLY | H6: {"method": "seed", "sql_verify": "SELECT id FROM document_number_templates WHERE document_type='PETITION' AND is_active=true LIMIT 1"} | I6: {"note": "No cleanup needed"} | J6: {"template_id": "$.id"} | K6: TC-003, TC-017, TC-052, TC-102, TC-124, TC-130
A7: template.proposal.active | B7: DocumentNumberTemplate | C7: active | E7: single | F7: Template PROPOSAL active, segments=[LITERAL:DX, FORMULA:YYYY, COUNTER], padding=5 | H7: {"method": "seed", "sql_verify": "SELECT id FROM document_number_templates WHERE document_type='PROPOSAL' AND is_active=true LIMIT 1"} | I7: {"note": "No cleanup needed"} | J7: {"template_id": "$.id"} | K7: TC-126
A8: template.delegation.active | B8: DocumentNumberTemplate | C8: active | E8: single | F8: Template DELEGATION active, segments=[LITERAL:UT, FORMULA:YYYY, COUNTER], separator='/', padding=4 | H8: {"method": "seed", "sql_verify": "SELECT id FROM document_number_templates WHERE document_type='DELEGATION' AND is_active=true LIMIT 1"} | I8: {"note": "No cleanup needed"} | J8: {"template_id": "$.id"} | K8: TC-127, TC-272
A9: template.evidence.override | B9: DocumentNumberTemplate | C9: active | E9: single | F9: Template EVIDENCE inputMode=AUTO_WITH_OVERRIDE, active | H9: {"method": "seed", "sql_verify": "SELECT id FROM document_number_templates WHERE document_type='EVIDENCE' AND input_mode='AUTO_WITH_OVERRIDE' AND is_active=true LIMIT 1"} | I9: {"note": "No cleanup needed"} | J9: {"template_id": "$.id"} | K9: TC-072, TC-108, TC-282
A10: template.monthly.active | B10: DocumentNumberTemplate | C10: active | E10: single | F10: Template với resetPeriod=MONTHLY (cần tạo thủ công qua API) | H10: {"method": "api", "endpoint": "POST /api/v1/document-numbers/templates", "body": {"name": "TEST-MONTHLY-{{random}}", "documentType": "PROPOSAL", "separator": "-", "inputMode": "AUTO", "isActive": true, "segments": [{"type": "LITERAL", "value": "TST"}, {"type": "COUNTER"}], "counterConfig": {"resetPeriod": "MONTHLY", "minValue": 1, "maxValue": 9999, "padding": 4}}, "auth": "admin_token"} | I10: {"method": "api", "endpoint": "DELETE /api/v1/document-numbers/templates/{{template_id}}"} | J10: {"template_id": "$.id"} | K10: TC-044, TC-186
A11: template.weekly.active | B11: DocumentNumberTemplate | C11: active | E11: single | F11: Template với resetPeriod=WEEKLY | H11: {"method": "api", "endpoint": "POST /api/v1/document-numbers/templates", "body": {"name": "TEST-WEEKLY-{{random}}", "documentType": "PROPOSAL", "separator": "-", "inputMode": "AUTO", "isActive": true, "segments": [{"type": "LITERAL", "value": "WK"}, {"type": "COUNTER"}], "counterConfig": {"resetPeriod": "WEEKLY", "minValue": 1, "maxValue": 9999, "padding": 4}}, "auth": "admin_token"} | I11: {"method": "api", "endpoint": "DELETE /api/v1/document-numbers/templates/{{template_id}}"} | J11: {"template_id": "$.id"} | K11: TC-045, TC-290
A12: template.never.active | B12: DocumentNumberTemplate | C12: active | E12: single | F12: Template với resetPeriod=NEVER | H12: {"method": "api", "endpoint": "POST /api/v1/document-numbers/templates", "body": {"name": "TEST-NEVER-{{random}}", "documentType": "DELEGATION", "separator": "-", "inputMode": "AUTO", "isActive": true, "segments": [{"type": "LITERAL", "value": "NV"}, {"type": "COUNTER"}], "counterConfig": {"resetPeriod": "NEVER", "minValue": 1, "maxValue": 999999, "padding": 5}}, "auth": "admin_token"} | I12: {"method": "api", "endpoint": "DELETE /api/v1/document-numbers/templates/{{template_id}}"} | J12: {"template_id": "$.id"} | K12: TC-046, TC-187
A13: template.maxnumber.active | B13: DocumentNumberTemplate | C13: active | E13: single | F13: Template với resetPeriod=MAX_NUMBER | H13: {"method": "api", "endpoint": "POST /api/v1/document-numbers/templates", "body": {"name": "TEST-MAXNUM-{{random}}", "documentType": "EVIDENCE", "separator": "-", "inputMode": "AUTO", "isActive": false, "segments": [{"type": "LITERAL", "value": "MX"}, {"type": "COUNTER"}], "counterConfig": {"resetPeriod": "MAX_NUMBER", "minValue": 1, "maxValue": 10, "padding": 2}}, "auth": "admin_token"} | I13: {"method": "api", "endpoint": "DELETE /api/v1/document-numbers/templates/{{template_id}}"} | J13: {"template_id": "$.id"} | K13: TC-047
A14: template.maxnumber.at_max | B14: DocumentNumberTemplate | C14: active | E14: single | F14: Template resetPeriod=MAX_NUMBER với counter đang ở maxValue (10/10) | H14: {"method": "sql", "steps": ["1. Tạo template maxnumber.active", "2. UPDATE document_number_counters SET current_value=10 WHERE template_id='{{template_id}}' AND period_key='global'"]} | I14: {"method": "api", "endpoint": "DELETE /api/v1/document-numbers/templates/{{template_id}}"} | J14: {"template_id": "$.id"} | K14: TC-301
A15: template.no_counter | B15: DocumentNumberTemplate | C15: active | E15: single | F15: Template PROPOSAL active nhưng chưa có counter row (period mới chưa từng commit) | H15: {"method": "api+sql", "steps": ["1. Tạo template mới qua POST /templates", "2. DELETE FROM document_number_counters WHERE template_id='{{template_id}}'"]} | I15: {"method": "api", "endpoint": "DELETE /api/v1/document-numbers/templates/{{template_id}}"} | J15: {"template_id": "$.id"} | K15: TC-049
... A23: counter.incident.value_106 | B23: DocumentNumberCounter | C23: production_baseline | E23: single | F23: Counter INCIDENT = 106 (production baseline sau seed) | H23: {"method": "sql", "sql": "UPDATE document_number_counters SET current_value=106 WHERE template_id=(SELECT id FROM document_number_templates WHERE document_type='INCIDENT' AND is_active=true) AND period_key='2026'"} | I23: {"note": "This is production baseline, no cleanup needed"} | J23: {"current_value": 106} | K23: TC-009, TC-053, TC-082, TC-093, TC-125, TC-135, TC-154, TC-249, TC-296, TC-316
A24: counter.incident.exhausted | B24: DocumentNumberCounter | C24: exhausted | E24: single | F24: Counter INCIDENT đã đạt maxValue (99999) — không thể commit thêm trong kỳ YEARLY | H24: {"method": "sql", "sql": "UPDATE document_number_counters SET current_value=99999 WHERE template_id=(SELECT id FROM document_number_templates WHERE document_type='INCIDENT' AND is_active=true) AND period_key='2026'"} | I24: {"sql": "UPDATE ... SET current_value=106 (restore production baseline)"} | J24: {"current_value": 99999}
A25: counter.incident.year_2026 | B25: DocumentNumberCounter | C25: near_max | E25: single | F25: Counter INCIDENT year_2026 = 99 (gần maxValue, test year boundary) | H25: {"method": "sql", "sql": "INSERT INTO document_number_counters (id, template_id, period_key, current_value, updated_at) VALUES (gen_random_uuid(), '{{template_incident_id}}', '2026', 99, NOW()) ON CONFLICT (template_id, period_key) DO UPDATE SET current_value=99"} | I25: {"sql": "DELETE FROM document_number_counters WHERE template_id='{{template_incident_id}}' AND period_key='2026'"} | J25: {"current_value": 99, "period_key": "2026"} | K25: TC-048
A26: counter.case.value_0 | B26: DocumentNumberCounter | C26: zero | E26: single | F26: Counter CASE = 0 | H26: {"method": "sql", "sql": "UPDATE document_number_counters SET current_value=0 WHERE template_id=(SELECT id FROM document_number_templates WHERE document_type='CASE' AND is_active=true) AND period_key='2026'"} | I26: {"note": "Restore after test"} | J26: {"current_value": 0} | K26: TC-059, TC-123
A27: counter.petition.value_0 | B27: DocumentNumberCounter | C27: zero | E27: single | F27: Counter PETITION = 0 | H27: {"method": "sql", "sql": "UPDATE document_number_counters SET current_value=0 WHERE template_id=(SELECT id FROM document_number_templates WHERE document_type='PETITION' AND is_active=true) AND period_key='2026'"} | I27: {"note": "Restore after test"} | J27: {"current_value": 0} | K27: TC-052, TC-124
A28: counter.proposal.value_0 | B28: DocumentNumberCounter | C28: zero | E28: single | F28: Counter PROPOSAL = 0 | H28: {"method": "sql", "sql": "UPDATE document_number_counters SET current_value=0 WHERE template_id=(SELECT id FROM document_number_templates WHERE document_type='PROPOSAL' AND is_active=true) AND period_key='2026'"} | I28: {"note": "Restore after test"} | J28: {"current_value": 0} | K28: TC-126
A29: counter.delegation.value_0 | B29: DocumentNumberCounter | C29: zero | E29: single | F29: Counter DELEGATION = 0 | H29: {"method": "sql", "sql": "UPDATE document_number_counters SET current_value=0 WHERE template_id=(SELECT id FROM document_number_templates WHERE document_type='DELEGATION' AND is_active=true) AND period_key='global'"} | I29: {"note": "Restore after test"} | J29: {"current_value": 0} | K29: TC-127, TC-272
A30: user.admin | B30: User | C30: active | E30: single | F30: Admin user (admin@pc02.local) với role ADMIN | H30: {"method": "existing", "credentials": {"email": "admin@pc02.local", "password": "{{env.ADMIN_PASSWORD}}"}, "note": "Seeded tự động. GET /api/v1/auth/login để lấy token"} | I30: {"note": "Không xóa — account hệ thống"} | J30: {"user_id": "$.id", "token": "$.accessToken"} | K30: TC-004, TC-005, TC-006, TC-007, TC-008, TC-009, TC-010, TC-011, TC-013, TC-014, TC-015, TC-029, TC-030, TC-031, TC-032, TC-034, TC-055, TC-062, TC-063, TC-064, TC-065, TC-066, TC-067, TC-068, TC-069, TC-070, TC-076, TC-077, TC-078, TC-079, TC-080, TC-081, TC-082, TC-083, TC-084, TC-086, TC-087, TC-088, TC-089, TC-090, TC-091, TC-092, TC-093, TC-094, TC-095, TC-096, TC-109, TC-110, TC-111, TC-112, TC-113, TC-114, TC-115, TC-117, TC-118, TC-121, TC-133, TC-137, TC-138, TC-139, TC-140, TC-141, TC-142, TC-143, TC-144, TC-145, TC-146, TC-147, TC-148, TC-149, TC-152, TC-154, TC-155, TC-156, TC-157, TC-158, TC-159, TC-160, TC-161, TC-162, TC-163, TC-164, TC-165, TC-166, TC-167, TC-168, TC-169, TC-170, TC-175, TC-176, TC-188, TC-189, TC-190, TC-191, TC-192, TC-196, TC-197, TC-198, TC-200, TC-201, TC-202, TC-204, TC-213, TC-215, TC-216, TC-217, TC-218, TC-219, TC-223, TC-224, TC-225, TC-226, TC-227, TC-228, TC-230, TC-231, TC-232, TC-233, TC-234, TC-235, TC-236, TC-238, TC-239, TC-245, TC-246, TC-247, TC-248, TC-251, TC-252, TC-253, TC-255, TC-256, TC-257, TC-259, TC-260, TC-261, TC-264, TC-265, TC-266, TC-268, TC-269, TC-270, TC-273, TC-277, TC-278, TC-279, TC-281, TC-283, TC-284, TC-285, TC-287, TC-289, TC-291, TC-292, TC-296, TC-297, TC-298, TC-299, TC-301, TC-302, TC-304, TC-305, TC-306, TC-308, TC-312, TC-317, TC-318, TC-319, TC-320
A31: user.officer | B31: User | C31: active | E31: single | F31: Officer user (officer1@pc02.local) với role OFFICER | H31: {"method": "existing_or_create", "credentials": {"email": "officer1@pc02.local", "password": "{{env.OFFICER_PASSWORD}}"}, "create_if_missing": {"endpoint": "POST /api/v1/users", "body": {"email": "officer1-{{random}}@test.pc02.local", "password": "Test@1234", "role": "OFFICER", "fullName": "Officer Test 1"}}} | I31: {"note": "Không xóa account thật. Xóa account test nếu create_if_missing"} | J31: {"user_id": "$.id", "token": "$.accessToken"} | K31: TC-001, TC-002, TC-003, TC-012, TC-016, TC-017, TC-018, TC-019, TC-020, TC-024, TC-025, TC-026, TC-027, TC-028, TC-033, TC-042, TC-054, TC-057, TC-058, TC-071, TC-072, TC-073, TC-074, TC-075, TC-085, TC-097, TC-098, TC-099, TC-100, TC-101, TC-102, TC-103, TC-104, TC-105, TC-106, TC-107, TC-108, TC-116, TC-119, TC-120, TC-122, TC-123, TC-124, TC-125, TC-126, TC-127, TC-128, TC-129, TC-130, TC-131, TC-132, TC-134, TC-135, TC-136, TC-150, TC-151, TC-153, TC-171, TC-172, TC-173, TC-174, TC-177, TC-178, TC-182, TC-183, TC-184, TC-185, TC-186, TC-187, TC-188, TC-193, TC-194, TC-195, TC-199, TC-205, TC-211, TC-212, TC-214, TC-220, TC-221, TC-222, TC-229, TC-237, TC-240, TC-241, TC-242, TC-243, TC-244, TC-249, TC-250, TC-252, TC-253, TC-254, TC-258, TC-262, TC-263, TC-267, TC-271, TC-272, TC-274, TC-275, TC-276, TC-280, TC-282, TC-286, TC-288, TC-289, TC-290, TC-293, TC-294, TC-295, TC-296, TC-299, TC-300, TC-301, TC-303, TC-304, TC-305, TC-307, TC-309, TC-310, TC-311, TC-314, TC-315, TC-316, TC-317, TC-318
A32: user.officer_with_workid | B32: User | C32: active | E32: single | F32: Officer có workId='A001' (dùng để test Formula ctx:Login.workId) | H32: {"method": "api", "steps": ["1. Tạo user: POST /api/v1/users {email:'wid-{{random}}@test.pc02.local', password:'Test@1234', role:'OFFICER'}", "2. Update workId: PUT /api/v1/users/{id} {workId:'A001'}"]} | I32: {"endpoint": "DELETE /api/v1/users/{{user_id}}"} | J32: {"user_id": "$.id", "workId": "A001", "token": "$.accessToken"} | K32: TC-040
A33: user.no_workid | B33: User | C33: active | E33: single | F33: Officer không có workId (workId=null) | H33: {"method": "api", "steps": ["1. POST /api/v1/users {email:'nowid-{{random}}@test.pc02.local', password:'Test@1234', role:'OFFICER'}", "2. Verify workId=null: GET /api/v1/users/{id}"]} | I33: {"endpoint": "DELETE /api/v1/users/{{user_id}}"} | J33: {"user_id": "$.id", "workId": null, "token": "$.accessToken"} | K33: TC-041
A34: user.expired_token | B34: JWT | C34: expired | E34: single | F34: JWT token đã hết hạn (dùng cho security tests) | H34: {"method": "manual", "note": "Lấy token hợp lệ, đợi expire (hoặc dùng token với exp trong quá khứ). Có thể decode JWT base64 và chỉnh exp field"} | I34: {"note": "Token tự expire — không cần cleanup"} | J34: {"expired_token": "eyJ..."} | K34: TC-035, TC-056
A35: logs.mixed_users_18 | B35: DocumentNumberLog | C35: populated | E35: single | F35: 18 logs tổng: 10 log officer1 + 5 log officer2 + 3 log admin (mix isDraft=true/false) | H35: {"method": "api", "steps": ["1. Login officer1 → POST /draft 5 lần (5 isDraft=true logs)", "2. Login officer1 → POST /commit 5 lần (5 isDraft=false logs)", "3. Login officer2 → POST /commit 5 lần (5 isDraft=false logs)", "4. Login admin → POST /commit 3 lần (3 isDraft=false logs)"]} | I35: {"note": "Logs không xóa được qua API (chỉ cascade khi delete template). Dùng template riêng để test và delete template khi xong"} | J35: {"total_logs": 18, "officer1_logs": 10, "officer2_logs": 5, "admin_logs": 3} | K35: TC-011, TC-057, TC-147, TC-148, TC-215, TC-311
A36: logs.admin_25 | B36: DocumentNumberLog | C36: populated | E36: single | F36: 25 logs của admin (để test pagination) | H36: {"method": "api", "steps": ["Login admin → POST /commit 25 lần với template test → 25 isDraft=false logs"]} | I36: {"note": "Delete template test → cascade delete logs"} | J36: {"total_logs": 25}
A37: log.officer1.no_doc_id | B37: DocumentNumberLog | C37: committed_no_link | E37: single | F37: 1 log isDraft=false của officer1 với documentId=null (chưa link document) | H37: {"method": "api", "steps": ["1. Login officer1 → POST /commit {documentType:'INCIDENT'} → nhận logId", "2. Không PATCH log (để documentId=null)"]} | I37: {"note": "Delete template test → cascade delete log"} | J37: {"log_id": "$.logId", "document_id": null} | K37: TC-012, TC-178, TC-240, TC-250, TC-274, TC-293
A38: log.officer2.committed | B38: DocumentNumberLog | C38: committed_with_link | E38: single | F38: 1 log isDraft=false của officer2 với documentId set | H38: {"method": "api", "steps": ["1. Login officer2 → POST /commit {documentType:'INCIDENT'} → nhận logId", "2. PATCH /logs/{logId} {documentId:'some-uuid'}"]} | I38: {"note": "Delete template test → cascade delete log"} | J38: {"log_id": "$.logId", "user_id": "officer2.id"} | K38: TC-199
A39: template.yy_pattern | B39: DocumentNumberTemplate | C39: active | E39: single | F39: Template với FORMULA source=NOW pattern=YY | H39: {"method": "api", "body": {"name": "TEST-YY-{{random}}", "documentType": "PROPOSAL", "isActive": true, "segments": [{"type": "FORMULA", "fn": "FORMAT", "source": "NOW", "pattern": "YY"}, {"type": "COUNTER"}], "counterConfig": {"resetPeriod": "YEARLY", "minValue": 1, "maxValue": 9999, "padding": 4}}} | I39: {"method": "api", "endpoint": "DELETE /api/v1/document-numbers/templates/{{template_id}}"} | J39: {"template_id": "$.id"} | K39: TC-037
A40: template.mm_pattern | B40: DocumentNumberTemplate | C40: active | E40: single | F40: Template với FORMULA source=NOW pattern=MM | H40: {"method": "api", "body": {"name": "TEST-MM-{{random}}", "documentType": "PROPOSAL", "isActive": true, "segments": [{"type": "FORMULA", "fn": "FORMAT", "source": "NOW", "pattern": "MM"}, {"type": "COUNTER"}], "counterConfig": {"resetPeriod": "MONTHLY", "minValue": 1, "maxValue": 9999, "padding": 4}}} | I40: {"method": "api", "endpoint": "DELETE /api/v1/document-numbers/templates/{{template_id}}"} | J40: {"template_id": "$.id"} | K40: TC-038
A41: template.yyyymmdd_pattern | B41: DocumentNumberTemplate | C41: active | E41: single | F41: Template với FORMULA source=NOW pattern=YYYYMMDD | H41: {"method": "api", "body": {"name": "TEST-YYYYMMDD-{{random}}", "documentType": "PROPOSAL", "isActive": true, "segments": [{"type": "FORMULA", "fn": "FORMAT", "source": "NOW", "pattern": "YYYYMMDD"}, {"type": "COUNTER"}], "counterConfig": {"resetPeriod": "MONTHLY", "minValue": 1, "maxValue": 9999, "padding": 4}}} | I41: {"method": "api", "endpoint": "DELETE /api/v1/document-numbers/templates/{{template_id}}"} | J41: {"template_id": "$.id"} | K41: TC-039
A42: templates.all_seeded | B42: DocumentNumberTemplate | C42: seeded | E42: single | F42: 6 templates đã seeded: INCIDENT, PETITION, CASE, PROPOSAL, DELEGATION, EVIDENCE | H42: {"method": "verify", "sql": "SELECT COUNT(*) FROM document_number_templates WHERE is_active=true", "expected": 6} | I42: {"note": "Seed lại nếu thiếu: node dist/prisma/seed-document-numbers.js"} | J42: {"count": 6} | K42: TC-004, TC-013, TC-081, TC-085, TC-094, TC-111, TC-112, TC-114, TC-117, TC-121, TC-224, TC-230, TC-232, TC-233, TC-283, TC-285, TC-314, TC-319, TC-320

Sheet Bug Tracker
A1: 🐛 BUG TRACKER
A2: Workflow: Open → Fixing → Fixed → Verified → Closed. Mỗi lần TC fail tự động tạo bug record.
A3: Bug ID | B3: TC ID liên kết | C3: Mô tả bug | D3: Severity | E3: Status | F3: Ngày phát hiện | G3: Lần fix gần nhất | H3: Re-test kết quả | I3: Ghi chú
A4: BUG-001 | B4: TC-023 | C4: [E2E] Test fail: TC-DN-E2E-023: Truy cập /settings/document-numbers không đăng nhập → redirect /login Error: Test timeout of 45000ms exceeded. | D4: Medium | E4: Verified | F4: 25/05/2026 | G4: 26/05/2026 | H4: Pass
A5: BUG-002 | B5: TC-028 | C5: [E2E] Test fail: TC-DN-E2E-028: Xem stats của template — nút [Xem log] hoặc [Reset] visible Error: Test timeout of 45000ms exceeded. | D5: Medium | E5: Verified | F5: 25/05/2026 | G5: 26/05/2026 | H5: Pass
A6: BUG-003 | B6: TC-062 | C6: [API] Test fail: TC-062-API: counterConfig.padding = 0 ? 400 validation Error: Error: expect(received).toBe(expected) // Object.is equality Expected: 400 Received: 201 279 | data: { name: ' | D6: Medium | E6: Reopened | F6: 25/05/2026 | H6: Fail
A7: BUG-004 | B7: TC-063 | C7: [API] Test fail: TC-063-API: counterConfig.padding = 11 ? 400 validation (max Error: Error: Login admin@pc02.local: 429 after 4 retries 17 | return { token: d.accessToken || b.accessToken, userId: d.user?.id || b.user?.id || d.sub || '' }; 18 | } > 19 | throw new Error(`L | D7: Medium | E7: Reopened | F7: 25/05/2026 | H7: Fail
A8: BUG-005 | B8: TC-064 | C8: [API] Test fail: TC-064-API: counterConfig.minValue = -1 ? 400 validation Error: Error: expect(received).toBe(expected) // Object.is equality Expected: 400 Received: 201 301 | data: { name: ' | D8: Medium | E8: Reopened | F8: 25/05/2026 | H8: Fail
A9: BUG-006 | B9: TC-080 | C9: [API] Test fail: TC-080-API: Modal submit th?nh c?ng ? toast success + danh s Error: Error: expect(received).toContain(expected) // indexOf Expected value: 404 Received array: [200, 201] 441 | he | D9: Medium | E9: Reopened | F9: 25/05/2026 | H9: Fail
A10: BUG-007 | B10: TC-090 | C10: [API] Test fail: TC-090-API: State: template active ? deactivate ? active l?i Error: Error: expect(received).toBe(expected) // Object.is equality Expected: 404 Received: 201 523 | data: { documen | D10: Medium | E10: Reopened | F10: 25/05/2026 | H10: Fail
A11: BUG-008 | B11: TC-092 | C11: [API] Test fail: TC-092-API: State: 2 template c?ng documentType ? ch? 1 acti Error: Error: expect(received).toBe(expected) // Object.is equality Expected: 400 Received: 404 541 | headers: auth(a | D11: Medium | E11: Reopened | F11: 25/05/2026 | H11: Fail
A12: BUG-009 | B12: TC-100 | C12: [API] Test fail: TC-100-API: Decision: OFFICER KH?NG th? delete template ? 40 Error: Error: expect(received).toBe(expected) // Object.is equality Expected: 403 Received: 404 625 | headers: auth(o | D12: Medium | E12: Reopened | F12: 25/05/2026 | H12: Fail
A13: BUG-010 | B13: TC-104 | C13: [API] Test fail: TC-104-API: EP documentType: null ? 400 Error: Error: expect(received).toBe(expected) // Object.is equality Expected: 400 Received: 201 663 | data: { documen | D13: Medium | E13: Reopened | F13: 25/05/2026 | H13: Fail
A14: BUG-011 | B14: TC-105 | C14: [API] Test fail: TC-105-API: EP documentType: s? nguy?n ? 400 Error: Error: expect(received).toBe(expected) // Object.is equality Expected: 400 Received: 201 674 | data: { documen | D14: Medium | E14: Reopened | F14: 25/05/2026 | H14: Fail
A15: BUG-012 | B15: TC-122 | C15: [API] Test fail: TC-122-API: PERF: 5 concurrent /draft requests ? t?t c? tr? Error: Error: expect(received).toBe(expected) // Object.is equality Expected: true Received: false 713 | const results = aw | D15: Medium | E15: Reopened | F15: 25/05/2026 | H15: Fail
A16: BUG-013 | B16: TC-129 | C16: [API] Test fail: TC-129-API: REGRESSION: T?o incident qua UI v?n ho?t ??ng sa Error: Error: expect(received).toBe(expected) // Object.is equality Expected: 500 Received: 404 772 | headers: auth(o | D16: Medium | E16: Open | F16: 25/05/2026
A17: BUG-014 | B17: TC-131 | C17: [API] Test fail: TC-131-API: REGRESSION: Danh s?ch v? vi?c hi?n th? code c? ( Error: Error: expect(received).toBe(expected) // Object.is equality Expected: 500 Received: 404 788 | headers: auth(o | D17: Medium | E17: Open | F17: 25/05/2026
A18: BUG-015 | B18: TC-132 | C18: [API] Test fail: TC-132-API: REGRESSION: Danh s?ch h? s? hi?n th? caseCode (H Error: Error: Login officer1@pc02.local: 429 after 4 retries 17 | return { token: d.accessToken || b.accessToken, userId: d.user?.id || b.user?.id || d.sub || '' }; 18 | } > 19 | throw new Error | D18: Medium | E18: Verified | F18: 25/05/2026 | G18: 26/05/2026 | H18: Pass
A19: BUG-016 | B19: TC-135 | C19: [API] Test fail: TC-135-API: RECOVERY: Backend restart gi?a draft v? commit ? Error: Error: expect(received).toBe(expected) // Object.is equality Expected: 500 Received: 404 820 | headers: auth(o | D19: Medium | E19: Open | F19: 25/05/2026
A20: BUG-017 | B20: TC-136 | C20: [API] Test fail: TC-136-API: RECOVERY: DB connection drop trong commit transa Error: Error: expect(received).toBe(expected) // Object.is equality Expected: 500 Received: 403 829 | data: { documen | D20: Medium | E20: Open | F20: 25/05/2026
A21: BUG-018 | B21: TC-142 | C21: [API] Test fail: TC-142-API: EP resetPeriod: 'DAILY' (kh?ng h?p l?) ? 400 Error: Error: expect(received).toBe(expected) // Object.is equality Expected: 400 Received: 201 893 | data: { name: ' | D21: Medium | E21: Reopened | F21: 25/05/2026 | H21: Fail
A22: BUG-019 | B22: TC-146 | C22: [API] Test fail: TC-146-API: EP inputMode: 'HYBRID' (kh?ng h?p l?) ? 400 Error: Error: expect(received).toBe(expected) // Object.is equality Expected: 400 Received: 201 937 | data: { name: ' | D22: Medium | E22: Reopened | F22: 25/05/2026 | H22: Fail
A23: BUG-020 | B23: TC-153 | C23: [API] Test fail: TC-153-API: USABILITY: Toast 'M? ?? ??i' khi commit v?i stal Error: Error: expect(received).toContain(expected) // indexOf Expected value: 404 Received array: [200, 201] 999 | h | D23: Medium | E23: Reopened | F23: 25/05/2026 | H23: Fail
A24: BUG-021 | B24: TC-154 | C24: [API] Test fail: TC-154-API: USABILITY: Confirm dialog khi reset counter c? t Error: Error: Login officer1@pc02.local: 429 after 4 retries 17 | return { token: d.accessToken || b.accessToken, userId: d.user?.id || b.user?.id || d.sub || '' }; 18 | } > 19 | throw new Error | D24: Medium | E24: Verified | F24: 25/05/2026 | G24: 26/05/2026 | H24: Pass
A25: BUG-022 | B25: TC-157 | C25: [API] Test fail: TC-157-API: BOUNDARY: Template name 201 k? t? ? 400 Error: Error: expect(received).toBe(expected) // Object.is equality Expected: 400 Received: 201 1035 | data: { name: | D25: Medium | E25: Reopened | F25: 25/05/2026 | H25: Fail
A26: BUG-023 | B26: TC-158 | C26: [API] Test fail: TC-158-API: BOUNDARY: /logs pageSize=0 ? 400 ho?c default Error: Error: expect(received).toBe(expected) // Object.is equality Expected: 400 Received: 200 1045 | headers: auth( | D26: Medium | E26: Reopened | F26: 25/05/2026 | H26: Fail
A27: BUG-024 | B27: TC-159 | C27: [API] Test fail: TC-159-API: BOUNDARY: /logs page=-1 ? 400 Error: Error: expect(received).toBe(expected) // Object.is equality Expected: 400 Received: 500 1055 | headers: auth( | D27: Medium | E27: Reopened | F27: 25/05/2026 | H27: Fail
A28: BUG-025 | B28: TC-166 | C28: [API] Test fail: TC-166-API: RED: POST /templates counterConfig.padding kh?ng Error: Error: expect(received).toBe(expected) // Object.is equality Expected: 400 Received: 201 111 | data: { name: ' | D28: Medium | E28: Verified | F28: 25/05/2026 | G28: 26/05/2026 | H28: Pass
A29: BUG-026 | B29: TC-167 | C29: [API] Test fail: TC-167-API: RED: POST /templates segment type kh?ng h?p l? ? Error: Error: expect(received).toBe(expected) // Object.is equality Expected: 400 Received: 201 122 | data: { name: ' | D29: Medium | E29: Verified | F29: 25/05/2026 | G29: 26/05/2026 | H29: Pass
A30: BUG-027 | B30: TC-168 | C30: [API] Test fail: TC-168-API: RED: POST /templates LITERAL segment thi?u value Error: Error: expect(received).toBe(expected) // Object.is equality Expected: 400 Received: 201 133 | data: { name: ' | D30: Medium | E30: Verified | F30: 25/05/2026 | G30: 26/05/2026 | H30: Pass
A31: BUG-028 | B31: TC-169 | C31: [API] Test fail: TC-169-API: RED: POST /templates FORMULA segment thi?u sourc Error: Error: Login officer1@pc02.local: 429 after 4 retries 17 | return { token: d.accessToken || b.accessToken, userId: d.user?.id || b.user?.id || d.sub || '' }; 18 | } > 19 | throw new Error | D31: Medium | E31: Verified | F31: 25/05/2026 | G31: 26/05/2026 | H31: Pass
A32: BUG-029 | B32: TC-170 | C32: [API] Test fail: TC-170-API: RED: POST /templates counterConfig.minValue kh?n Error: Error: expect(received).toBe(expected) // Object.is equality Expected: 400 Received: 201 155 | data: { name: ' | D32: Medium | E32: Verified | F32: 25/05/2026 | G32: 26/05/2026 | H32: Pass
A33: BUG-030 | B33: TC-171 | C33: [API] Test fail: TC-171-API: RED: POST /commit body r?ng {} ? 400 Error: Error: expect(received).toBe(expected) // Object.is equality Expected: 400 Received: 403 166 | data: { documen | D33: Medium | E33: Reopened | F33: 25/05/2026 | H33: Fail
A34: BUG-031 | B34: TC-172 | C34: [API] Test fail: TC-172-API: RED: POST /commit documentType=undefined ? 400 Error: Error: expect(received).toBe(expected) // Object.is equality Expected: 400 Received: 403 177 | data: { documen | D34: Medium | E34: Reopened | F34: 25/05/2026 | H34: Fail
A35: BUG-032 | B35: TC-173 | C35: [API] Test fail: TC-173-API: RED: POST /draft v?i invalid JSON body ? 400 Error: Error: expect(received).toBe(expected) // Object.is equality Expected: 400 Received: 201 188 | data: { documen | D35: Medium | E35: Reopened | F35: 25/05/2026 | H35: Fail
A36: BUG-033 | B36: TC-174 | C36: [API] Test fail: TC-174-API: RED: POST /draft kh?ng c? Content-Type header ? Error: Error: expect(received).toBe(expected) // Object.is equality Expected: 400 Received: 201 199 | data: { documen | D36: Medium | E36: Reopened | F36: 25/05/2026 | H36: Fail
A37: BUG-034 | B37: TC-175 | C37: [API] Test fail: TC-175-API: RED: GET /templates/:id stats v?i id kh?ng t?n t Error: Error: Login officer1@pc02.local: 429 after 4 retries 17 | return { token: d.accessToken || b.accessToken, userId: d.user?.id || b.user?.id || d.sub || '' }; 18 | } > 19 | throw new Error | D37: Medium | E37: Reopened | F37: 25/05/2026 | H37: Fail
A38: BUG-035 | B38: TC-176 | C38: [API] Test fail: TC-176-API: RED: POST /templates/:id/preview v?i id kh?ng t? Error: Error: expect(received).toBe(expected) // Object.is equality Expected: 404 Received: 201 220 | data: {}, 221 | D38: Medium | E38: Reopened | F38: 25/05/2026 | H38: Fail
A39: BUG-036 | B39: TC-177 | C39: [API] Test fail: TC-177-API: RED: PATCH /logs/:logId v?i logId kh?ng t?n t?i Error: Error: Login officer1@pc02.local: 429 after 4 retries 17 | return { token: d.accessToken || b.accessToken, userId: d.user?.id || b.user?.id || d.sub || '' }; 18 | } > 19 | throw new Error | D39: Medium | E39: Reopened | F39: 25/05/2026 | H39: Fail
A40: BUG-037 | B40: TC-178 | C40: [API] Test fail: TC-178-API: RED: PATCH /logs/:logId documentId kh?ng ph?i UU Error: Error: expect(received).toBe(expected) // Object.is equality Expected: 400 Received: 404 242 | data: { documen | D40: Medium | E40: Reopened | F40: 25/05/2026 | H40: Fail
A41: BUG-038 | B41: TC-181 | C41: [API] Test fail: TC-181-API: RED: GET /templates v?i malformed token 'Bearer Error: Error: expect(received).toBe(expected) // Object.is equality Expected: 401 Received: 200 266 | headers: auth(a | D41: Medium | E41: Verified | F41: 25/05/2026 | G41: 26/05/2026 | H41: Pass
A42: BUG-039 | B42: TC-183 | C42: [API] Test fail: TC-183-API: RED: PUT /templates/:id v?i role OFFICER token ? Error: Error: expect(received).toBe(expected) // Object.is equality Expected: 403 Received: 404 288 | data: { separat | D42: Medium | E42: Reopened | F42: 25/05/2026 | H42: Fail
A43: BUG-040 | B43: TC-184 | C43: [API] Test fail: TC-184-API: RED: DELETE /templates/:id v?i role OFFICER toke Error: Error: expect(received).toBe(expected) // Object.is equality Expected: 403 Received: 404 298 | headers: auth(o | D43: Medium | E43: Reopened | F43: 25/05/2026 | H43: Fail
A44: BUG-041 | B44: TC-186 | C44: [API] Test fail: TC-186-API: RED: Commit khi counter MONTHLY exhausted ? 400 Error: Error: expect(received).toBe(expected) // Object.is equality Expected: 400 Received: 403 320 | data: { documen | D44: Medium | E44: Reopened | F44: 25/05/2026 | H44: Fail
A45: BUG-042 | B45: TC-187 | C45: [API] Test fail: TC-187-API: RED: Commit khi counter NEVER exhausted ? 400 Error: Error: Login officer1@pc02.local: 429 after 4 retries 17 | return { token: d.accessToken || b.accessToken, userId: d.user?.id || b.user?.id || d.sub || '' }; 18 | } > 19 | throw new Error | D45: Medium | E45: Reopened | F45: 25/05/2026 | H45: Fail
A46: BUG-043 | B46: TC-189 | C46: [API] Test fail: TC-189-API: RED: Template separator d?i h?n 10 k? t? ? 400 Error: Error: expect(received).toBe(expected) // Object.is equality Expected: 400 Received: 201 353 | data: { name: ' | D46: Medium | E46: Verified | F46: 25/05/2026 | G46: 26/05/2026 | H46: Pass
A47: BUG-044 | B47: TC-190 | C47: [API] Test fail: TC-190-API: RED: counterConfig.maxValue = 0 ? 400 Error: Error: expect(received).toBe(expected) // Object.is equality Expected: 400 Received: 201 364 | data: { name: ' | D47: Medium | E47: Verified | F47: 25/05/2026 | G47: 26/05/2026 | H47: Pass
A48: BUG-045 | B48: TC-191 | C48: [API] Test fail: TC-191-API: RED: counterConfig.maxValue l? float 9.5 ? 400 Error: Error: expect(received).toBe(expected) // Object.is equality Expected: 400 Received: 201 375 | data: { name: ' | D48: Medium | E48: Verified | F48: 25/05/2026 | G48: 26/05/2026 | H48: Pass
A49: BUG-046 | B49: TC-192 | C49: [API] Test fail: TC-192-API: RED: counterConfig.padding l? float 3.5 ? 400 Error: Error: expect(received).toBe(expected) // Object.is equality Expected: 400 Received: 201 386 | data: { name: ' | D49: Medium | E49: Verified | F49: 25/05/2026 | G49: 26/05/2026 | H49: Pass
A50: BUG-047 | B50: TC-196 | C50: [API] Test fail: TC-196-API: RED: GET /logs?page=0 ? 400 Error: Error: expect(received).toBe(expected) // Object.is equality Expected: 400 Received: 500 427 | headers: auth(a | D50: Medium | E50: Reopened | F50: 25/05/2026 | H50: Fail
A51: BUG-048 | B51: TC-197 | C51: [API] Test fail: TC-197-API: RED: GET /logs?pageSize=1000 (v??t max) ? 400 Error: Error: expect(received).toBe(expected) // Object.is equality Expected: 400 Received: 200 437 | headers: auth(a | D51: Medium | E51: Reopened | F51: 25/05/2026 | H51: Fail
A52: BUG-049 | B52: TC-198 | C52: [API] Test fail: TC-198-API: RED: GET /logs?templateId=invalid-uuid ? 400 Error: Error: expect(received).toBe(expected) // Object.is equality Expected: 400 Received: 200 447 | headers: auth(a | D52: Medium | E52: Reopened | F52: 25/05/2026 | H52: Fail
A53: BUG-050 | B53: TC-199 | C53: [API] Test fail: TC-199-API: RED: IDOR ? PATCH log c?a officer2 b?ng token of Error: Error: expect(received).toBe(expected) // Object.is equality Expected: 403 Received: 404 458 | data: { documen | D53: Medium | E53: Reopened | F53: 25/05/2026 | H53: Fail
A54: BUG-051 | B54: TC-200 | C54: [API] Test fail: TC-200-API: RED: NoSQL injection trong templateId query para Error: Error: expect(received).toBe(expected) // Object.is equality Expected: 400 Received: 200 468 | headers: auth(a | D54: Medium | E54: Reopened | F54: 25/05/2026 | H54: Fail
A55: BUG-052 | B55: TC-202 | C55: [API] Test fail: TC-202-API: RED: Path traversal trong templateId ? 400 Error: Error: expect(received).toBe(expected) // Object.is equality Expected: 404 Received: 200 489 | headers: auth(a | D55: Medium | E55: Reopened | F55: 25/05/2026 | H55: Fail
A56: BUG-053 | B56: TC-203 | C56: [API] Test fail: TC-203-API: RED: Header injection trong Authorization ? 401 Error: Error: expect(received).toBe(expected) // Object.is equality Expected: 400 Received: 201 500 | data: { documen | D56: Medium | E56: Reopened | F56: 25/05/2026 | H56: Fail
A57: BUG-054 | B57: TC-205 | C57: [API] Test fail: TC-205-API: RED: Commit ??ng th?i khi counter = maxValue-1 ? Error: Error: expect(received).toContain(expected) // indexOf Expected value: 403 Received array: [200, 201] 519 | da | D57: Medium | E57: Reopened | F57: 25/05/2026 | H57: Fail
A58: BUG-055 | B58: TC-211 | C58: [API] Test fail: TC-211-API: SECURITY: Brute force /draft v?i token c?a nhi?u Error: Error: Login officer1@pc02.local: 429 after 4 retries 17 | return { token: d.accessToken || b.accessToken, userId: d.user?.id || b.user?.id || d.sub || '' }; 18 | } > 19 | throw new Error | D58: Medium | E58: Reopened | F58: 25/05/2026 | H58: Fail
A59: BUG-056 | B59: TC-212 | C59: [API] Test fail: TC-212-API: SECURITY: Token reuse sau logout ? 401 Error: Error: expect(received).toBe(expected) // Object.is equality Expected: 401 Received: 404 539 | data: { documen | D59: Medium | E59: Reopened | F59: 25/05/2026 | H59: Fail
A60: BUG-057 | B60: TC-213 | C60: [API] Test fail: TC-213-API: SECURITY: Mass assignment ? POST /templates v?i Error: Error: expect(received).toContain(expected) // indexOf Expected value: 400 Received array: [200, 201] 550 | da | D60: Medium | E60: Reopened | F60: 25/05/2026 | H60: Fail
A61: BUG-058 | B61: TC-214 | C61: [API] Test fail: TC-214-API: SECURITY: Privilege escalation ? officer POST /t Error: Error: expect(received).toBe(expected) // Object.is equality Expected: 403 Received: 400 561 | data: { documen | D61: Medium | E61: Verified | F61: 25/05/2026 | G61: 26/05/2026 | H61: Pass
A62: BUG-059 | B62: TC-216 | C62: [API] Test fail: TC-216-API: SECURITY: Server error kh?ng leak stack trace ? Error: Error: expect(received).toBe(expected) // Object.is equality Expected: 400 Received: 200 581 | data: { documen | D62: Medium | E62: Reopened | F62: 25/05/2026 | H62: Fail
A63: BUG-060 | B63: TC-234 | C63: [API] Test fail: TC-234-API: RED: DELETE /templates kh?ng ph?i UUID format ? Error: Error: expect(received).toBe(expected) // Object.is equality Expected: 400 Received: 404 640 | headers: auth(a | D63: Medium | E63: Reopened | F63: 25/05/2026 | H63: Fail
A64: BUG-061 | B64: TC-235 | C64: [API] Test fail: TC-235-API: RED: PUT /templates kh?ng ph?i UUID format ? 400 Error: Error: expect(received).toBe(expected) // Object.is equality Expected: 400 Received: 404 651 | data: { separat | D64: Medium | E64: Reopened | F64: 25/05/2026 | H64: Fail
A65: BUG-062 | B65: TC-236 | C65: [API] Test fail: TC-236-API: RED: GET /logs v?i from > to date range ? 400 Error: Error: expect(received).toBe(expected) // Object.is equality Expected: 400 Received: 200 661 | headers: auth(a | D65: Medium | E65: Reopened | F65: 25/05/2026 | H65: Fail
A66: BUG-063 | B66: TC-237 | C66: [API] Test fail: TC-237-API: RED: POST /commit documentType=INCIDENT nh?ng kh Error: Error: expect(received).toBe(expected) // Object.is equality Expected: 404 Received: 403 672 | data: { documen | D66: Medium | E66: Reopened | F66: 25/05/2026 | H66: Fail
A67: BUG-064 | B67: TC-238 | C67: [API] Test fail: TC-238-API: RED: POST /templates isActive=null ? 400 ho?c de Error: Error: expect(received).toBe(expected) // Object.is equality Expected: 400 Received: 201 683 | data: { name: ' | D67: Medium | E67: Reopened | F67: 25/05/2026 | H67: Fail
A68: BUG-065 | B68: TC-239 | C68: [API] Test fail: TC-239-API: RED: POST /templates v?i tr?ng documentType acti Error: Error: expect(received).toBe(expected) // Object.is equality Expected: 400 Received: 201 694 | data: { name: ' | D68: Medium | E68: Reopened | F68: 25/05/2026 | H68: Fail
A69: BUG-066 | B69: TC-240 | C69: [API] Test fail: TC-240-API: RED: PATCH /logs/:logId body r?ng {} ? 400 Error: Error: expect(received).toBe(expected) // Object.is equality Expected: 400 Received: 404 705 | data: { documen | D69: Medium | E69: Reopened | F69: 25/05/2026 | H69: Fail
A70: BUG-067 | B70: TC-241 | C70: [API] Test fail: TC-241-API: RED: POST /draft documentType=empty string ? 400 Error: Error: expect(received).toBe(expected) // Object.is equality Expected: 400 Received: 201 716 | data: { documen | D70: Medium | E70: Verified | F70: 25/05/2026 | G70: 26/05/2026 | H70: Pass
A71: BUG-068 | B71: TC-242 | C71: [API] Test fail: TC-242-API: RED: POST /commit documentType c? whitespace pad Error: Error: expect(received).toBe(expected) // Object.is equality Expected: 400 Received: 403 727 | data: { documen | D71: Medium | E71: Reopened | F71: 25/05/2026 | H71: Fail
A72: BUG-069 | B72: TC-243 | C72: [API] Test fail: TC-243-API: RED: POST /draft v?i array documentType ? 400 Error: Error: Login officer1@pc02.local: 429 after 4 retries 17 | return { token: d.accessToken || b.accessToken, userId: d.user?.id || b.user?.id || d.sub || '' }; 18 | } > 19 | throw new Error | D72: Medium | E72: Verified | F72: 25/05/2026 | G72: 26/05/2026 | H72: Pass
A73: BUG-070 | B73: TC-244 | C73: [API] Test fail: TC-244-API: RED: POST /commit v?i boolean documentType ? 400 Error: Error: expect(received).toBe(expected) // Object.is equality Expected: 400 Received: 403 749 | data: { documen | D73: Medium | E73: Reopened | F73: 25/05/2026 | H73: Fail
A74: BUG-071 | B74: TC-246 | C74: [API] Test fail: TC-246-API: RED: POST /templates v?i segments kh?ng ph?i arr Error: Error: expect(received).toBe(expected) // Object.is equality Expected: 400 Received: 201 770 | data: { name: ' | D74: Medium | E74: Verified | F74: 25/05/2026 | G74: 26/05/2026 | H74: Pass
A75: BUG-072 | B75: TC-247 | C75: [API] Test fail: TC-247-API: RED: POST /templates counterConfig=null ? 400 Error: Error: expect(received).toBe(expected) // Object.is equality Expected: 400 Received: 201 781 | data: { name: ' | D75: Medium | E75: Verified | F75: 25/05/2026 | G75: 26/05/2026 | H75: Pass
A76: BUG-073 | B76: TC-248 | C76: [API] Test fail: TC-248-API: RED: PUT /templates/:id body r?ng {} ? 200 kh?ng Error: Error: expect(received).toContain(expected) // indexOf Expected value: 404 Received array: [200, 201] 792 | da | D76: Medium | E76: Reopened | F76: 25/05/2026 | H76: Fail
A77: BUG-074 | B77: TC-249 | C77: [API] Test fail: TC-249-API: RED: POST /commit v?i draftPreview l? s? ?m stri Error: Error: expect(received).toContain(expected) // indexOf Expected value: 403 Received array: [200, 201] 803 | da | D77: Medium | E77: Reopened | F77: 25/05/2026 | H77: Fail
A78: BUG-075 | B78: TC-250 | C78: [API] Test fail: TC-250-API: RED: PATCH /logs/:logId v?i extra fields ? ignor Error: Error: expect(received).toContain(expected) // indexOf Expected value: 404 Received array: [200, 201] 814 | da | D78: Medium | E78: Reopened | F78: 25/05/2026 | H78: Fail
A79: BUG-076 | B79: TC-254 | C79: [API] Test fail: TC-254-API: RED: POST /draft khi DB kh?ng available ? 500 v? Error: Error: expect(received).toBe(expected) // Object.is equality Expected: 500 Received: 201 851 | data: { documen | D79: Medium | E79: Reopened | F79: 25/05/2026 | H79: Fail
A80: BUG-077 | B80: TC-255 | C80: [API] Test fail: TC-255-API: RED: POST /templates documentType=INCIDENT nh?ng Error: Error: expect(received).toBe(expected) // Object.is equality Expected: 400 Received: 201 860 | data: { name: ' | D80: Medium | E80: Verified | F80: 25/05/2026 | G80: 26/05/2026 | H80: Pass
A81: BUG-078 | B81: TC-257 | C81: [API] Test fail: TC-257-API: RED: POST /templates v?i counterConfig.resetPeri Error: Error: expect(received).toBe(expected) // Object.is equality Expected: 400 Received: 201 881 | data: { name: ' | D81: Medium | E81: Verified | F81: 25/05/2026 | G81: 26/05/2026 | H81: Pass
A82: BUG-079 | B82: TC-260 | C82: [API] Test fail: TC-260-API: RED: PUT /templates/:id v?i isActive=null ? 400 Error: Error: expect(received).toBe(expected) // Object.is equality Expected: 400 Received: 404 911 | data: { separat | D82: Medium | E82: Reopened | F82: 25/05/2026 | H82: Fail
A83: BUG-080 | B83: TC-261 | C83: [API] Test fail: TC-261-API: RED: POST /templates t?t c? segments l? COUNTER Error: Error: Login officer1@pc02.local: 429 after 4 retries 17 | return { token: d.accessToken || b.accessToken, userId: d.user?.id || b.user?.id || d.sub || '' }; 18 | } > 19 | throw new Error | D83: Medium | E83: Verified | F83: 25/05/2026 | G83: 26/05/2026 | H83: Pass
A84: BUG-081 | B84: TC-262 | C84: [API] Test fail: TC-262-API: RED: POST /draft user b? suspended/locked ? 401/ Error: Error: expect(received).toBe(expected) // Object.is equality Expected: 403 Received: 201 933 | data: { documen | D84: Medium | E84: Reopened | F84: 25/05/2026 | H84: Fail
A85: BUG-082 | B85: TC-263 | C85: [API] Test fail: TC-263-API: RED: POST /commit s? l?n retry v??t max (3 l?n U Error: Error: expect(received).toBe(expected) // Object.is equality Expected: 500 Received: 403 944 | data: { documen | D85: Medium | E85: Reopened | F85: 25/05/2026 | H85: Fail
A86: BUG-083 | B86: TC-264 | C86: [API] Test fail: TC-264-API: RED: POST /templates separator c? tab character Error: Error: Login officer1@pc02.local: 429 after 4 retries 17 | return { token: d.accessToken || b.accessToken, userId: d.user?.id || b.user?.id || d.sub || '' }; 18 | } > 19 | throw new Error | D86: Medium | E86: Reopened | F86: 25/05/2026 | H86: Fail
A87: BUG-084 | B87: TC-265 | C87: [API] Test fail: TC-265-API: RED: GET /logs filter by invalid date format '25 Error: Error: expect(received).toBe(expected) // Object.is equality Expected: 400 Received: 200 963 | headers: auth(a | D87: Medium | E87: Reopened | F87: 25/05/2026 | H87: Fail
A88: BUG-085 | B88: TC-266 | C88: [API] Test fail: TC-266-API: RED: POST /templates 1000 segments ? 400 (qu? nh Error: Error: expect(received).toBe(expected) // Object.is equality Expected: 400 Received: 201 974 | data: { name: ' | D88: Medium | E88: Reopened | F88: 25/05/2026 | H88: Fail
A89: BUG-086 | B89: TC-268 | C89: [API] Test fail: TC-268-API: RED: PUT /templates/:id x?a required segment typ Error: Error: expect(received).toBe(expected) // Object.is equality Expected: 400 Received: 404 996 | data: { separa | D89: Medium | E89: Reopened | F89: 25/05/2026 | H89: Fail
A90: BUG-087 | B90: TC-269 | C90: [API] Test fail: TC-269-API: RED: POST /templates v?i documentType kh?ng n?m Error: Error: expect(received).toBe(expected) // Object.is equality Expected: 400 Received: 201 1007 | data: { name: | D90: Medium | E90: Verified | F90: 25/05/2026 | G90: 26/05/2026 | H90: Pass
A91: BUG-088 | B91: TC-270 | C91: [API] Test fail: TC-270-API: RED: POST /templates v?i counterConfig.padding = Error: Error: expect(received).toBe(expected) // Object.is equality Expected: 400 Received: 201 1018 | data: { name: | D91: Medium | E91: Verified | F91: 25/05/2026 | G91: 26/05/2026 | H91: Pass
A92: BUG-089 | B92: TC-271 | C92: [API] Test fail: TC-271-API: RED: POST /draft documentType=EVIDENCE v?i templ Error: Error: expect(received).toBe(expected) // Object.is equality Expected: 404 Received: 201 1029 | data: { docume | D92: Medium | E92: Reopened | F92: 25/05/2026 | H92: Fail
A93: BUG-090 | B93: TC-272 | C93: [API] Test fail: TC-272-API: RED: POST /commit v?i documentType=DELEGATION kh Error: Error: expect(received).toContain(expected) // indexOf Expected value: 403 Received array: [200, 201] 1040 | d | D93: Medium | E93: Reopened | F93: 25/05/2026 | H93: Fail
A94: BUG-091 | B94: TC-273 | C94: [API] Test fail: TC-273-API: RED: POST /templates v?i s? counterConfig.maxVal Error: Error: expect(received).toBe(expected) // Object.is equality Expected: 400 Received: 201 1051 | data: { name: | D94: Medium | E94: Verified | F94: 25/05/2026 | G94: 26/05/2026 | H94: Pass
A95: BUG-092 | B95: TC-274 | C95: [API] Test fail: TC-274-API: RED: PATCH /logs/:logId isDraft=true (kh?ng ???c Error: Error: expect(received).toBe(expected) // Object.is equality Expected: 400 Received: 404 1062 | data: { docume | D95: Medium | E95: Reopened | F95: 25/05/2026 | H95: Fail
A96: BUG-093 | B96: TC-275 | C96: [API] Test fail: TC-275-API: RED: POST /commit v?i documentType=PROPOSAL kh?n Error: Error: Login officer1@pc02.local: 429 after 4 retries 17 | return { token: d.accessToken || b.accessToken, userId: d.user?.id || b.user?.id || d.sub || '' }; 18 | } > 19 | throw new Error | D96: Medium | E96: Reopened | F96: 25/05/2026 | H96: Fail
A97: BUG-094 | B97: TC-277 | C97: [API] Test fail: TC-277-API: SECURITY: Prototype pollution trong JSON body ? Error: Error: expect(received).toContain(expected) // indexOf Expected value: 400 Received array: [200, 201] 1095 | d | D97: Medium | E97: Reopened | F97: 25/05/2026 | H97: Fail
A98: BUG-095 | B98: TC-280 | C98: [API] Test fail: TC-280-API: SECURITY: Enumeration attack ? /templates 403 vs Error: Error: expect(received).toBe(expected) // Object.is equality Expected: 403 Received: 200 1126 | data: { docume | D98: Medium | E98: Reopened | F98: 25/05/2026 | H98: Fail
A99: BUG-096 | B99: TC-287 | C99: [API] Test fail: TC-287-API: RED P0: POST /templates name ch? c? whitespace ? Error: Error: expect(received).toBe(expected) // Object.is equality Expected: 400 Received: 201 1146 | data: { name: | D99: Medium | E99: Verified | F99: 25/05/2026 | G99: 26/05/2026 | H99: Pass
A100: BUG-097 | B100: TC-288 | C100: [API] Test fail: TC-288-API: RED P0: POST /draft v?i token b? tamper (signatu Error: Error: expect(received).toBe(expected) // Object.is equality Expected: 401 Received: 201 1157 | data: { docume | D100: Medium | E100: Verified | F100: 25/05/2026 | G100: 26/05/2026 | H100: Pass
...

Sheet Regression Log
A1: ⚠️ REGRESSION LOG — Theo dõi lỗi level down (TC từng Đạt nay Không đạt)
A2: Auto-generated bởi runner khi phát hiện TC từng Đạt giờ Không đạt sau khi fix bug khác. Severity tự động ESCALATE +1 level (High→Critical, Medium→High...). BẤT KỲ regression nào còn open đều BLOCK release.
A3: Reg ID | B3: TC ID | C3: Module | D3: Lần phát hiện | E3: Bug gốc gây regression | F3: Status trước retest | G3: Status sau retest | H3: Severity gốc | I3: Severity regression | J3: Mô tả regression | K3: Đã fix? | L3: Ngày verify lại | M3: Ghi chú
