Workbook

Sheet TỔNG
A1: THỐNG KÊ HÌNH SỰ LIÊN NGÀNH Kỳ thống kê tháng …. năm 2026
A3: Tiêu chí | B3: Mã | C3: Số
B4: dòng | C4: liệu
A5: I. TIẾP NHẬN, GIẢI QUYẾT TỐ GIÁC, TIN BÁO VỀ TỘI PHẠM VÀ KIẾN NGHỊ KHỞI TỐ
A6: Số tố giác, tin báo về tội phạm, kiến nghị khởi tố mới nhận | B6: 1 | C6: =SUM('Đội 3:Cơ sở 2'!C6) -> 222
A7: Tổng số tố giác, tin báo về tội phạm, kiến nghị khởi tố phải giải quyết | B7: 2 | C7: =SUM('Đội 3:Cơ sở 2'!C7) -> 515
A8: Số tố giác, tin báo về tội phạm, kiến nghị khởi tố đã quyết định khởi tố vụ án hình sự | B8: 3 | C8: =SUM('Đội 3:Cơ sở 2'!C8) -> 172
A9: Số tố giác, tin báo về tội phạm, kiến nghị khởi tố quyết định không khởi tố vụ án hình sự | B9: 4 | C9: =SUM('Đội 3:Cơ sở 2'!C9) -> 15
A10: Số tố giác, tin báo về tội phạm, kiến nghị khởi tố tạm đình chỉ việc giải quyết trong kỳ thống kê | B10: 5 | C10: =SUM('Đội 3:Cơ sở 2'!C10) -> 30
A11: Tổng số tố giác, tin báo về tội phạm, kiến nghị khởi tố tạm đình chỉ giải quyết tính đến cuối kỳ thống kê | B11: 6 | C11: =SUM('Đội 3:Cơ sở 2'!C11) -> 3934
A12: Số tố giác, tin báo về tội phạm, kiến nghị khởi tố cuối kỳ chưa giải quyết xong | B12: 7 | C12: =SUM('Đội 3:Cơ sở 2'!C12) -> 372
A13: Trong đó: Số tố giác, tin báo về tội phạm, kiến nghị khởi tố đã quá hạn | B13: 8 | C13: =SUM('Đội 3:Cơ sở 2'!C13) -> 0
A14: Số quyết định VKS hủy bỏ các lệnh, quyết định không có căn cứ và trái pháp luật của CQĐT, cơ quan được giao nhiệm vụ tiến hành một số hoạt động điều tra | B14: 9 | C14: =SUM('Đội 3:Cơ sở 2'!C14) -> 0
A15: Số bản kiến nghị của VKS ban hành kiến nghị CQĐT, cơ quan được giao nhiệm vụ tiến hành một số hoạt động điều tra được chấp nhận | B15: 10 | C15: =SUM('Đội 3:Cơ sở 2'!C15) -> 0
A16: II. KHỞI TỐ, ĐIỀU TRA VÀ KIỂM SÁT ĐIỀU TRA CÁC VỤ ÁN HÌNH SỰ
A17: Số vụ án mới khởi tố | B17: 11 | C17: =SUM('Đội 3:Cơ sở 2'!C17) -> 172
A18: Số bị can mới khởi tố | B18: 12 | C18: =SUM('Đội 3:Cơ sở 2'!C18) -> 210
A19: Tổng số vụ án thụ lý điều tra | B19: 13 | C19: =SUM('Đội 3:Cơ sở 2'!C19) -> 2356
A20: Tổng số bị can thụ lý điều tra | B20: 14 | C20: =SUM('Đội 3:Cơ sở 2'!C20) -> 2135
A21: Số vụ án đề nghị truy tố | B21: 15 | C21: =SUM('Đội 3:Cơ sở 2'!C21) -> 147
A22: Số bị can đề nghị truy tố | B22: 16 | C22: =SUM('Đội 3:Cơ sở 2'!C22) -> 374
A23: Số vụ án CQĐT đình chỉ điều tra | B23: 17 | C23: =SUM('Đội 3:Cơ sở 2'!C23) -> 497
A24: Số bị can CQĐT đình chỉ điều tra | B24: 18 | C24: =SUM('Đội 3:Cơ sở 2'!C24) -> 6
A25: Trong đó: - Số bị can đình chỉ điều tra do không có sự việc phạm tội (theo K1 Đ157 BLTTHS) - (không tính trường hợp đình chỉ do bị can bị tâm thần). | B25: 19 | C25: =SUM('Đội 3:Cơ sở 2'!C25) -> 0
A26: - Số bị can đình chỉ điều tra do hành vi không cấu thành tội phạm (theo K2 Đ157 BLTTHS) - (không tính trường hợp đình chỉ do bị can bị tâm thần). | B26: 20 | C26: =SUM('Đội 3:Cơ sở 2'!C26) -> 0
A27: - Số bị can đình chỉ vì hết thời hạn điều tra mà không chứng minh được bị can đã thực hiện tội phạm (theo điểm b K1 Đ230 BLTTHS) | B27: 21 | C27: =SUM('Đội 3:Cơ sở 2'!C27) -> 0
A28: - Số bị can đình chỉ do được miễn trách nhiệm hình sự theo K1 Đ29 BLHS | B28: 22 | C28: =SUM('Đội 3:Cơ sở 2'!C28) -> 0
... A37: Số bản kiến nghị của VKS ban hành kiến nghị CQĐT, cơ quan được giao nhiệm vụ tiến hành một số hoạt động điều tra được chấp nhận | B37: 31 | C37: =SUM('Đội 3:Cơ sở 2'!C37) -> 0
A38: III. QUYẾT ĐỊNH VIỆC TRUY TỐ
A39: Số vụ án mới thụ lý | B39: 32 | C39: =SUM('Đội 3:Cơ sở 2'!C39) -> #REF!
A40: Số bị can mới thụ lý | B40: 33 | C40: =SUM('Đội 3:Cơ sở 2'!C40) -> #REF!
A41: Tổng số vụ án VKS thụ lý giải quyết | B41: 34 | C41: =SUM('Đội 3:Cơ sở 2'!C41) -> #REF!
A42: Tổng số bị can VKS thụ lý giải quyết | B42: 35 | C42: =SUM('Đội 3:Cơ sở 2'!C42) -> #REF!
A43: Số vụ án truy tố | B43: 36 | C43: =SUM('Đội 3:Cơ sở 2'!C43) -> #REF!
A44: Số bị can truy tố | B44: 37 | C44: =SUM('Đội 3:Cơ sở 2'!C44) -> #REF!
A45: Số vụ án VKS quyết định không truy tố và ra quyết định đình chỉ | B45: 38 | C45: =SUM('Đội 3:Cơ sở 2'!C45) -> #REF!
A46: Trong đó: Số vụ án Toà án trả hồ sơ cho VKS để điều tra bổ sung nhưng sau đó đình chỉ | B46: 39 | C46: =SUM('Đội 3:Cơ sở 2'!C46) -> #REF!
A47: Số bị can VKS quyết định không truy tố và ra quyết định đình chỉ vụ án đối với bị can | B47: 40 | C47: =SUM('Đội 3:Cơ sở 2'!C47) -> #REF!
A48: Trong đó: - Số bị can đình chỉ điều tra do không có sự việc phạm tội (theo K1 Đ157 BLTTHS) | B48: 41 | C48: =SUM('Đội 3:Cơ sở 2'!C48) -> #REF!
A49: - Số bị can đình chỉ điều tra do hành vi không cấu thành tội phạm (theo K2 Đ157 BLTTHS) | B49: 42 | C49: =SUM('Đội 3:Cơ sở 2'!C49) -> #REF!
A50: - Số bị can đình chỉ do được miễn trách nhiệm hình sự theo K1 Đ29 BLHS | B50: 43 | C50: =SUM('Đội 3:Cơ sở 2'!C50) -> #REF!
... A59: Số quyết định VKS hủy bỏ quyết định của CQĐT do không có căn cứ và trái pháp luật của CQĐT | B59: 52 | C59: =SUM('Đội 3:Cơ sở 2'!C59) -> #REF!
A60: IV. XÉT XỬ
A61: 1. Xét xử sơ thẩm
A62: Số vụ án mới thụ lý xét xử sơ thẩm | B62: 53 | C62: =SUM('Đội 3:Cơ sở 2'!C62) -> #REF!
A63: Số bị cáo mới thụ lý xét xử sơ thẩm | B63: 54 | C63: =SUM('Đội 3:Cơ sở 2'!C63) -> #REF!
A64: Tổng số vụ án Tòa án thụ lý xét xử sơ thẩm | B64: 55 | C64: =SUM('Đội 3:Cơ sở 2'!C64) -> #REF!
A65: Tổng số bị cáo Tòa án thụ lý xét xử sơ thẩm | B65: 56 | C65: =SUM('Đội 3:Cơ sở 2'!C65) -> #REF!
A66: Số vụ án đã xét xử sơ thẩm | B66: 57 | C66: =SUM('Đội 3:Cơ sở 2'!C66) -> #REF!
A67: Số bị cáo đã xét xử sơ thẩm | B67: 58 | C67: =SUM('Đội 3:Cơ sở 2'!C67) -> #REF!
A68: Trong đó: Số bị cáo Toà án sơ thẩm tuyên không phạm tội | B68: 59 | C68: =SUM('Đội 3:Cơ sở 2'!C68) -> #REF!
A69: Tổng số vụ án Toà án tạm đình chỉ tính đến cuối kỳ thống kê | B69: 60 | C69: =SUM('Đội 3:Cơ sở 2'!C69) -> #REF!
A70: Tổng số bị cáo Toà án tạm đình chỉ tính đến cuối kỳ thống kê | B70: 61 | C70: =SUM('Đội 3:Cơ sở 2'!C70) -> #REF!
A71: Số vụ án còn lại chưa giải quyết | B71: 62 | C71: =SUM('Đội 3:Cơ sở 2'!C71) -> #REF!
A72: Trong đó: Số vụ án còn lại chưa giải quyết đã quá hạn luật định | B72: 63 | C72: =SUM('Đội 3:Cơ sở 2'!C72) -> #REF!
A73: Số bị cáo còn lại chưa giải quyết | B73: 64 | C73: =SUM('Đội 3:Cơ sở 2'!C73) -> #REF!
... A76: Số bản kiến nghị của VKS với Toà án yêu cầu khắc phục vi phạm trong hoạt động xét xử sơ thẩm được chấp nhận | B76: 67 | C76: =SUM('Đội 3:Cơ sở 2'!C76) -> #REF!
A77: 2. Xét xử phúc thẩm
A78: Số vụ án mới thụ lý xét xử phúc thẩm | B78: 68 | C78: =SUM('Đội 3:Cơ sở 2'!C78) -> #REF!
A79: Số bị cáo mới thụ lý xét xử phúc thẩm | B79: 69 | C79: =SUM('Đội 3:Cơ sở 2'!C79) -> #REF!
A80: Tổng số vụ án Tòa án thụ lý xét xử phúc thẩm | B80: 70 | C80: =SUM('Đội 3:Cơ sở 2'!C80) -> #REF!
A81: Tổng số bị cáo Tòa án thụ lý xét xử phúc thẩm | B81: 71 | C81: =SUM('Đội 3:Cơ sở 2'!C81) -> #REF!
A82: Số vụ án đã xét xử phúc thẩm | B82: 72 | C82: =SUM('Đội 3:Cơ sở 2'!C82) -> #REF!
A83: Trong đó: - Số vụ án do VKS kháng nghị | B83: 73 | C83: =SUM('Đội 3:Cơ sở 2'!C83) -> #REF!
A84: - Số vụ án Tòa án xử chấp nhận kháng nghị của VKS | B84: 74 | C84: =SUM('Đội 3:Cơ sở 2'!C84) -> #REF!
A85: Tr đó: + Số vụ án bị Tòa án cấp phúc thẩm tuyên sửa bản án, quyết định sơ thẩm | B85: 75 | C85: =SUM('Đội 3:Cơ sở 2'!C85) -> #REF!
A86: + Số vụ án bị Tòa án cấp phúc thẩm hủy bản án, quyết định | B86: 76 | C86: =SUM('Đội 3:Cơ sở 2'!C86) -> #REF!
A87: Tr.đó:++ Số vụ án Tòa án hủy bản án, quyết định sơ thẩm để điều tra lại | B87: 77 | C87: =SUM('Đội 3:Cơ sở 2'!C87) -> #REF!
A88: ++ Số vụ án Tòa án hủy bản án, quyết định sơ thẩm để xét xử lại | B88: 78 | C88: =SUM('Đội 3:Cơ sở 2'!C88) -> #REF!
A89: ++ Số vụ án Tòa án hủy bản án, quyết định sơ thẩm và đình chỉ vụ án | B89: 79 | C89: =SUM('Đội 3:Cơ sở 2'!C89) -> #REF!
... A102: Số bản kiến nghị của VKS với Tòa án yêu cầu khắc phục vi phạm trong hoạt động xét xử phúc thẩm được chấp nhận | B102: 92 | C102: =SUM('Đội 3:Cơ sở 2'!C102) -> #REF!
A103: 3. Giải quyết theo thủ tục giám đốc thẩm
A104: Số vụ án mới thụ lý | B104: 93 | C104: =SUM('Đội 3:Cơ sở 2'!C104) -> #REF!
A105: Số bị cáo mới thụ lý | B105: 94 | C105: =SUM('Đội 3:Cơ sở 2'!C105) -> #REF!
A106: Tổng số vụ án Tòa án thụ lý giám đốc thẩm | B106: 95 | C106: =SUM('Đội 3:Cơ sở 2'!C106) -> #REF!
A107: Tổng số bị cáo Tòa án thụ lý giám đốc thẩm | B107: 96 | C107: =SUM('Đội 3:Cơ sở 2'!C107) -> #REF!
A108: Số vụ án Toà án đã giải quyết | B108: 97 | C108: =SUM('Đội 3:Cơ sở 2'!C108) -> #REF!
A109: Trong đó: Số vụ án do VKS kháng nghị được Tòa án chấp nhận | B109: 98 | C109: =SUM('Đội 3:Cơ sở 2'!C109) -> #REF!
A110: Số bị cáo Toà án đã giải quyết | B110: 99 | C110: =SUM('Đội 3:Cơ sở 2'!C110) -> #REF!
A111: Số bị cáo VKS kháng nghị được Tòa án chấp nhận | B111: 100 | C111: =SUM('Đội 3:Cơ sở 2'!C111) -> #REF!
A112: Trong đó:- Số bị cáo sửa bản án, quyết định | B112: 101 | C112: =SUM('Đội 3:Cơ sở 2'!C112) -> #REF!
A113: - Số bị cáo Toà án huỷ bản án, quyết định | B113: 102 | C113: =SUM('Đội 3:Cơ sở 2'!C113) -> #REF!
A114: Tr.đó:+ Số bị cáo Toà án huỷ bản án, quyết định để điều tra lại | B114: 103 | C114: =SUM('Đội 3:Cơ sở 2'!C114) -> #REF!
A115: + Số bị cáo Toà án huỷ bản án, quyết định để xét xử sơ thẩm lại | B115: 104 | C115: =SUM('Đội 3:Cơ sở 2'!C115) -> #REF!
... A120: Số bản kiến nghị của VKS với Toà án yêu cầu khắc phục vi phạm trong hoạt động xét xử giám đốc thẩm được chấp nhận | B120: 109 | C120: =SUM('Đội 3:Cơ sở 2'!C120) -> #REF!
A121: 4. Giải quyết theo thủ tục tái thẩm
A122: Số vụ án mới thụ lý | B122: 110 | C122: =SUM('Đội 3:Cơ sở 2'!C122) -> #REF!
A123: Số bị cáo mới thụ lý | B123: 111 | C123: =SUM('Đội 3:Cơ sở 2'!C123) -> #REF!
A124: Tổng số vụ án Tòa án thụ lý tái thẩm | B124: 112 | C124: =SUM('Đội 3:Cơ sở 2'!C124) -> #REF!
A125: Tổng số bị cáo Tòa án thụ lý tái thẩm | B125: 113 | C125: =SUM('Đội 3:Cơ sở 2'!C125) -> #REF!
A126: Số vụ án Tòa án đã giải quyết | B126: 114 | C126: =SUM('Đội 3:Cơ sở 2'!C126) -> #REF!
A127: Số vụ án kháng nghị của VKS được Tòa án chấp nhận | B127: 115 | C127: =SUM('Đội 3:Cơ sở 2'!C127) -> #REF!
A128: Số bị cáo Toà án đã giải quyết | B128: 116 | C128: =SUM('Đội 3:Cơ sở 2'!C128) -> #REF!
A129: Số bị cáo kháng nghị của VKS được Tòa án chấp nhận | B129: 117 | C129: =SUM('Đội 3:Cơ sở 2'!C129) -> #REF!
A130: Trong đó:+ Số bị cáo Toà án huỷ bản án, quyết định để điều tra lại | B130: 118 | C130: =SUM('Đội 3:Cơ sở 2'!C130) -> #REF!
A131: + Số bị cáo Toà án huỷ bản án, quyết định để xét xử lại | B131: 119 | C131: =SUM('Đội 3:Cơ sở 2'!C131) -> #REF!
A132: + Số bị cáo Toà án huỷ bản án, quyết định và đình chỉ vụ án | B132: 120 | C132: =SUM('Đội 3:Cơ sở 2'!C132) -> #REF!
A133: Số vụ án còn lại cuối kỳ chưa giải quyết tái thẩm | B133: 121 | C133: =SUM('Đội 3:Cơ sở 2'!C133) -> #REF!
... A135: Số bản kiến nghị của VKS với Toà án yêu cầu khắc phục vi phạm trong hoạt động tái thẩm được chấp nhận | B135: 123 | C135: =SUM('Đội 3:Cơ sở 2'!C135) -> #REF!
A136: V. Tạm giữ, tạm giam và thi hành án hình sự
...

Sheet Đội 3
A1: THỐNG KÊ HÌNH SỰ LIÊN NGÀNH Kỳ thống kê tháng …. năm 2026
A3: Tiêu chí | B3: Mã | C3: Số
B4: dòng | C4: liệu
A5: I. TIẾP NHẬN, GIẢI QUYẾT TỐ GIÁC, TIN BÁO VỀ TỘI PHẠM VÀ KIẾN NGHỊ KHỞI TỐ
A6: Số tố giác, tin báo về tội phạm, kiến nghị khởi tố mới nhận | B6: 1 | C6: 5
A7: Tổng số tố giác, tin báo về tội phạm, kiến nghị khởi tố phải giải quyết | B7: 2 | C7: 5
A8: Số tố giác, tin báo về tội phạm, kiến nghị khởi tố đã quyết định khởi tố vụ án hình sự | B8: 3 | C8: 5
A9: Số tố giác, tin báo về tội phạm, kiến nghị khởi tố quyết định không khởi tố vụ án hình sự | B9: 4
A10: Số tố giác, tin báo về tội phạm, kiến nghị khởi tố tạm đình chỉ việc giải quyết trong kỳ thống kê | B10: 5
A11: Tổng số tố giác, tin báo về tội phạm, kiến nghị khởi tố tạm đình chỉ giải quyết tính đến cuối kỳ thống kê | B11: 6
A12: Số tố giác, tin báo về tội phạm, kiến nghị khởi tố cuối kỳ chưa giải quyết xong | B12: 7
A13: Trong đó: Số tố giác, tin báo về tội phạm, kiến nghị khởi tố đã quá hạn | B13: 8 | C13: 0
A14: Số quyết định VKS hủy bỏ các lệnh, quyết định không có căn cứ và trái pháp luật của CQĐT, cơ quan được giao nhiệm vụ tiến hành một số hoạt động điều tra | B14: 9
A15: Số bản kiến nghị của VKS ban hành kiến nghị CQĐT, cơ quan được giao nhiệm vụ tiến hành một số hoạt động điều tra được chấp nhận | B15: 10
A16: II. KHỞI TỐ, ĐIỀU TRA VÀ KIỂM SÁT ĐIỀU TRA CÁC VỤ ÁN HÌNH SỰ
A17: Số vụ án mới khởi tố | B17: 11 | C17: 5
A18: Số bị can mới khởi tố | B18: 12 | C18: 14
A19: Tổng số vụ án thụ lý điều tra | B19: 13 | C19: 73
A20: Tổng số bị can thụ lý điều tra | B20: 14 | C20: 151
A21: Số vụ án đề nghị truy tố | B21: 15 | C21: 6
A22: Số bị can đề nghị truy tố | B22: 16 | C22: 9
A23: Số vụ án CQĐT đình chỉ điều tra | B23: 17
A24: Số bị can CQĐT đình chỉ điều tra | B24: 18
A25: Trong đó: - Số bị can đình chỉ điều tra do không có sự việc phạm tội (theo K1 Đ157 BLTTHS) - (không tính trường hợp đình chỉ do bị can bị tâm thần). | B25: 19
A26: - Số bị can đình chỉ điều tra do hành vi không cấu thành tội phạm (theo K2 Đ157 BLTTHS) - (không tính trường hợp đình chỉ do bị can bị tâm thần). | B26: 20
A27: - Số bị can đình chỉ vì hết thời hạn điều tra mà không chứng minh được bị can đã thực hiện tội phạm (theo điểm b K1 Đ230 BLTTHS) | B27: 21
A28: - Số bị can đình chỉ do được miễn trách nhiệm hình sự theo K1 Đ29 BLHS | B28: 22
A29: - Số bị can đình chỉ do được miễn trách nhiệm hình sự theo K2 Đ29 BLHS | B29: 23
A30: - Số bị can đình chỉ điều tra do được miễn trách nhiệm hình sự theo K3 Đ29 BLHS | B30: 24
A31: Tổng số vụ án CQĐT ra quyết định tạm đình chỉ điều tra còn lại tính đến cuối kỳ thống kê | B31: 25
A32: Tổng số bị can CQĐT ra quyết định tạm đình chỉ điều tra còn lại tính đến cuối kỳ thống kê | B32: 26
A33: Số vụ án còn lại chưa kết thúc điều tra | B33: 27 | C33: 67
A34: Trong đó:Số vụ án chưa kết thúc điều tra đã quá thời hạn luật định | B34: 28
A35: Số bị can còn lại chưa kết thúc điều tra | B35: 29 | C35: 142
A36: Số quyết định VKS hủy bỏ các lệnh, quyết định không có căn cứ và trái pháp luật của CQĐT, cơ quan được giao nhiệm vụ tiến hành một số hoạt động điều tra | B36: 30
A37: Số bản kiến nghị của VKS ban hành kiến nghị CQĐT, cơ quan được giao nhiệm vụ tiến hành một số hoạt động điều tra được chấp nhận | B37: 31
A38: III. QUYẾT ĐỊNH VIỆC TRUY TỐ
A39: Số vụ án mới thụ lý | B39: 32
A40: Số bị can mới thụ lý | B40: 33
A41: Tổng số vụ án VKS thụ lý giải quyết | B41: 34
A42: Tổng số bị can VKS thụ lý giải quyết | B42: 35
A43: Số vụ án truy tố | B43: 36
A44: Số bị can truy tố | B44: 37
A45: Số vụ án VKS quyết định không truy tố và ra quyết định đình chỉ | B45: 38
A46: Trong đó: Số vụ án Toà án trả hồ sơ cho VKS để điều tra bổ sung nhưng sau đó đình chỉ | B46: 39
A47: Số bị can VKS quyết định không truy tố và ra quyết định đình chỉ vụ án đối với bị can | B47: 40
A48: Trong đó: - Số bị can đình chỉ điều tra do không có sự việc phạm tội (theo K1 Đ157 BLTTHS) | B48: 41
A49: - Số bị can đình chỉ điều tra do hành vi không cấu thành tội phạm (theo K2 Đ157 BLTTHS) | B49: 42
A50: - Số bị can đình chỉ do được miễn trách nhiệm hình sự theo K1 Đ29 BLHS | B50: 43
... A59: Số quyết định VKS hủy bỏ quyết định của CQĐT do không có căn cứ và trái pháp luật của CQĐT | B59: 52
A60: IV. XÉT XỬ
A61: 1. Xét xử sơ thẩm
A62: Số vụ án mới thụ lý xét xử sơ thẩm | B62: 53
A63: Số bị cáo mới thụ lý xét xử sơ thẩm | B63: 54
A64: Tổng số vụ án Tòa án thụ lý xét xử sơ thẩm | B64: 55
A65: Tổng số bị cáo Tòa án thụ lý xét xử sơ thẩm | B65: 56
A66: Số vụ án đã xét xử sơ thẩm | B66: 57
A67: Số bị cáo đã xét xử sơ thẩm | B67: 58
A68: Trong đó: Số bị cáo Toà án sơ thẩm tuyên không phạm tội | B68: 59
A69: Tổng số vụ án Toà án tạm đình chỉ tính đến cuối kỳ thống kê | B69: 60
A70: Tổng số bị cáo Toà án tạm đình chỉ tính đến cuối kỳ thống kê | B70: 61
A71: Số vụ án còn lại chưa giải quyết | B71: 62
A72: Trong đó: Số vụ án còn lại chưa giải quyết đã quá hạn luật định | B72: 63
A73: Số bị cáo còn lại chưa giải quyết | B73: 64
... A76: Số bản kiến nghị của VKS với Toà án yêu cầu khắc phục vi phạm trong hoạt động xét xử sơ thẩm được chấp nhận | B76: 67
A77: 2. Xét xử phúc thẩm
A78: Số vụ án mới thụ lý xét xử phúc thẩm | B78: 68
A79: Số bị cáo mới thụ lý xét xử phúc thẩm | B79: 69
A80: Tổng số vụ án Tòa án thụ lý xét xử phúc thẩm | B80: 70
A81: Tổng số bị cáo Tòa án thụ lý xét xử phúc thẩm | B81: 71
A82: Số vụ án đã xét xử phúc thẩm | B82: 72
A83: Trong đó: - Số vụ án do VKS kháng nghị | B83: 73
A84: - Số vụ án Tòa án xử chấp nhận kháng nghị của VKS | B84: 74
A85: Tr đó: + Số vụ án bị Tòa án cấp phúc thẩm tuyên sửa bản án, quyết định sơ thẩm | B85: 75
A86: + Số vụ án bị Tòa án cấp phúc thẩm hủy bản án, quyết định | B86: 76
A87: Tr.đó:++ Số vụ án Tòa án hủy bản án, quyết định sơ thẩm để điều tra lại | B87: 77
A88: ++ Số vụ án Tòa án hủy bản án, quyết định sơ thẩm để xét xử lại | B88: 78
A89: ++ Số vụ án Tòa án hủy bản án, quyết định sơ thẩm và đình chỉ vụ án | B89: 79
... A102: Số bản kiến nghị của VKS với Tòa án yêu cầu khắc phục vi phạm trong hoạt động xét xử phúc thẩm được chấp nhận | B102: 92
A103: 3. Giải quyết theo thủ tục giám đốc thẩm
A104: Số vụ án mới thụ lý | B104: 93
A105: Số bị cáo mới thụ lý | B105: 94
A106: Tổng số vụ án Tòa án thụ lý giám đốc thẩm | B106: 95
A107: Tổng số bị cáo Tòa án thụ lý giám đốc thẩm | B107: 96
A108: Số vụ án Toà án đã giải quyết | B108: 97
A109: Trong đó: Số vụ án do VKS kháng nghị được Tòa án chấp nhận | B109: 98
A110: Số bị cáo Toà án đã giải quyết | B110: 99
A111: Số bị cáo VKS kháng nghị được Tòa án chấp nhận | B111: 100
A112: Trong đó:- Số bị cáo sửa bản án, quyết định | B112: 101
A113: - Số bị cáo Toà án huỷ bản án, quyết định | B113: 102
A114: Tr.đó:+ Số bị cáo Toà án huỷ bản án, quyết định để điều tra lại | B114: 103
A115: + Số bị cáo Toà án huỷ bản án, quyết định để xét xử sơ thẩm lại | B115: 104
... A120: Số bản kiến nghị của VKS với Toà án yêu cầu khắc phục vi phạm trong hoạt động xét xử giám đốc thẩm được chấp nhận | B120: 109
A121: 4. Giải quyết theo thủ tục tái thẩm
A122: Số vụ án mới thụ lý | B122: 110
A123: Số bị cáo mới thụ lý | B123: 111
A124: Tổng số vụ án Tòa án thụ lý tái thẩm | B124: 112
A125: Tổng số bị cáo Tòa án thụ lý tái thẩm | B125: 113
A126: Số vụ án Tòa án đã giải quyết | B126: 114
A127: Số vụ án kháng nghị của VKS được Tòa án chấp nhận | B127: 115
...

Sheet Đội 4
A1: THỐNG KÊ HÌNH SỰ LIÊN NGÀNH Kỳ thống kê tháng …. năm 2026
A3: Tiêu chí | B3: Mã | C3: Số
B4: dòng | C4: liệu
A5: I. TIẾP NHẬN, GIẢI QUYẾT TỐ GIÁC, TIN BÁO VỀ TỘI PHẠM VÀ KIẾN NGHỊ KHỞI TỐ
A6: Số tố giác, tin báo về tội phạm, kiến nghị khởi tố mới nhận | B6: 1 | C6: 6
A7: Tổng số tố giác, tin báo về tội phạm, kiến nghị khởi tố phải giải quyết | B7: 2 | C7: 81
A8: Số tố giác, tin báo về tội phạm, kiến nghị khởi tố đã quyết định khởi tố vụ án hình sự | B8: 3 | C8: 10
A9: Số tố giác, tin báo về tội phạm, kiến nghị khởi tố quyết định không khởi tố vụ án hình sự | B9: 4 | C9: 1
A10: Số tố giác, tin báo về tội phạm, kiến nghị khởi tố tạm đình chỉ việc giải quyết trong kỳ thống kê | B10: 5 | C10: 8
A11: Tổng số tố giác, tin báo về tội phạm, kiến nghị khởi tố tạm đình chỉ giải quyết tính đến cuối kỳ thống kê | B11: 6 | C11: 1219
A12: Số tố giác, tin báo về tội phạm, kiến nghị khởi tố cuối kỳ chưa giải quyết xong | B12: 7 | C12: 70
A13: Trong đó: Số tố giác, tin báo về tội phạm, kiến nghị khởi tố đã quá hạn | B13: 8 | C13: 0
A14: Số quyết định VKS hủy bỏ các lệnh, quyết định không có căn cứ và trái pháp luật của CQĐT, cơ quan được giao nhiệm vụ tiến hành một số hoạt động điều tra | B14: 9 | C14: 0
A15: Số bản kiến nghị của VKS ban hành kiến nghị CQĐT, cơ quan được giao nhiệm vụ tiến hành một số hoạt động điều tra được chấp nhận | B15: 10 | C15: 0
A16: II. KHỞI TỐ, ĐIỀU TRA VÀ KIỂM SÁT ĐIỀU TRA CÁC VỤ ÁN HÌNH SỰ
A17: Số vụ án mới khởi tố | B17: 11 | C17: 10
A18: Số bị can mới khởi tố | B18: 12 | C18: 9
A19: Tổng số vụ án thụ lý điều tra | B19: 13 | C19: 547
A20: Tổng số bị can thụ lý điều tra | B20: 14 | C20: 211
A21: Số vụ án đề nghị truy tố | B21: 15 | C21: 5
A22: Số bị can đề nghị truy tố | B22: 16 | C22: 10
A23: Số vụ án CQĐT đình chỉ điều tra | B23: 17 | C23: 0
A24: Số bị can CQĐT đình chỉ điều tra | B24: 18 | C24: 0
A25: Trong đó: - Số bị can đình chỉ điều tra do không có sự việc phạm tội (theo K1 Đ157 BLTTHS) - (không tính trường hợp đình chỉ do bị can bị tâm thần). | B25: 19
A26: - Số bị can đình chỉ điều tra do hành vi không cấu thành tội phạm (theo K2 Đ157 BLTTHS) - (không tính trường hợp đình chỉ do bị can bị tâm thần). | B26: 20
A27: - Số bị can đình chỉ vì hết thời hạn điều tra mà không chứng minh được bị can đã thực hiện tội phạm (theo điểm b K1 Đ230 BLTTHS) | B27: 21
A28: - Số bị can đình chỉ do được miễn trách nhiệm hình sự theo K1 Đ29 BLHS | B28: 22
A29: - Số bị can đình chỉ do được miễn trách nhiệm hình sự theo K2 Đ29 BLHS | B29: 23
A30: - Số bị can đình chỉ điều tra do được miễn trách nhiệm hình sự theo K3 Đ29 BLHS | B30: 24
A31: Tổng số vụ án CQĐT ra quyết định tạm đình chỉ điều tra còn lại tính đến cuối kỳ thống kê | B31: 25 | C31: 1053
A32: Tổng số bị can CQĐT ra quyết định tạm đình chỉ điều tra còn lại tính đến cuối kỳ thống kê | B32: 26 | C32: 154
A33: Số vụ án còn lại chưa kết thúc điều tra | B33: 27 | C33: 490
A34: Trong đó:Số vụ án chưa kết thúc điều tra đã quá thời hạn luật định | B34: 28 | C34: 0
A35: Số bị can còn lại chưa kết thúc điều tra | B35: 29 | C35: 200
A36: Số quyết định VKS hủy bỏ các lệnh, quyết định không có căn cứ và trái pháp luật của CQĐT, cơ quan được giao nhiệm vụ tiến hành một số hoạt động điều tra | B36: 30 | C36: 0
A37: Số bản kiến nghị của VKS ban hành kiến nghị CQĐT, cơ quan được giao nhiệm vụ tiến hành một số hoạt động điều tra được chấp nhận | B37: 31 | C37: 0
A38: III. QUYẾT ĐỊNH VIỆC TRUY TỐ
A39: Số vụ án mới thụ lý | B39: 32
A40: Số bị can mới thụ lý | B40: 33
A41: Tổng số vụ án VKS thụ lý giải quyết | B41: 34
A42: Tổng số bị can VKS thụ lý giải quyết | B42: 35
A43: Số vụ án truy tố | B43: 36
A44: Số bị can truy tố | B44: 37
A45: Số vụ án VKS quyết định không truy tố và ra quyết định đình chỉ | B45: 38
A46: Trong đó: Số vụ án Toà án trả hồ sơ cho VKS để điều tra bổ sung nhưng sau đó đình chỉ | B46: 39
A47: Số bị can VKS quyết định không truy tố và ra quyết định đình chỉ vụ án đối với bị can | B47: 40
A48: Trong đó: - Số bị can đình chỉ điều tra do không có sự việc phạm tội (theo K1 Đ157 BLTTHS) | B48: 41
A49: - Số bị can đình chỉ điều tra do hành vi không cấu thành tội phạm (theo K2 Đ157 BLTTHS) | B49: 42
A50: - Số bị can đình chỉ do được miễn trách nhiệm hình sự theo K1 Đ29 BLHS | B50: 43
... A59: Số quyết định VKS hủy bỏ quyết định của CQĐT do không có căn cứ và trái pháp luật của CQĐT | B59: 52
A60: IV. XÉT XỬ
A61: 1. Xét xử sơ thẩm
A62: Số vụ án mới thụ lý xét xử sơ thẩm | B62: 53
A63: Số bị cáo mới thụ lý xét xử sơ thẩm | B63: 54
A64: Tổng số vụ án Tòa án thụ lý xét xử sơ thẩm | B64: 55
A65: Tổng số bị cáo Tòa án thụ lý xét xử sơ thẩm | B65: 56
A66: Số vụ án đã xét xử sơ thẩm | B66: 57
A67: Số bị cáo đã xét xử sơ thẩm | B67: 58
A68: Trong đó: Số bị cáo Toà án sơ thẩm tuyên không phạm tội | B68: 59
A69: Tổng số vụ án Toà án tạm đình chỉ tính đến cuối kỳ thống kê | B69: 60
A70: Tổng số bị cáo Toà án tạm đình chỉ tính đến cuối kỳ thống kê | B70: 61
A71: Số vụ án còn lại chưa giải quyết | B71: 62
A72: Trong đó: Số vụ án còn lại chưa giải quyết đã quá hạn luật định | B72: 63
A73: Số bị cáo còn lại chưa giải quyết | B73: 64
... A76: Số bản kiến nghị của VKS với Toà án yêu cầu khắc phục vi phạm trong hoạt động xét xử sơ thẩm được chấp nhận | B76: 67
A77: 2. Xét xử phúc thẩm
A78: Số vụ án mới thụ lý xét xử phúc thẩm | B78: 68
A79: Số bị cáo mới thụ lý xét xử phúc thẩm | B79: 69
A80: Tổng số vụ án Tòa án thụ lý xét xử phúc thẩm | B80: 70
A81: Tổng số bị cáo Tòa án thụ lý xét xử phúc thẩm | B81: 71
A82: Số vụ án đã xét xử phúc thẩm | B82: 72
A83: Trong đó: - Số vụ án do VKS kháng nghị | B83: 73
A84: - Số vụ án Tòa án xử chấp nhận kháng nghị của VKS | B84: 74
A85: Tr đó: + Số vụ án bị Tòa án cấp phúc thẩm tuyên sửa bản án, quyết định sơ thẩm | B85: 75
A86: + Số vụ án bị Tòa án cấp phúc thẩm hủy bản án, quyết định | B86: 76
A87: Tr.đó:++ Số vụ án Tòa án hủy bản án, quyết định sơ thẩm để điều tra lại | B87: 77
A88: ++ Số vụ án Tòa án hủy bản án, quyết định sơ thẩm để xét xử lại | B88: 78
A89: ++ Số vụ án Tòa án hủy bản án, quyết định sơ thẩm và đình chỉ vụ án | B89: 79
... A102: Số bản kiến nghị của VKS với Tòa án yêu cầu khắc phục vi phạm trong hoạt động xét xử phúc thẩm được chấp nhận | B102: 92
A103: 3. Giải quyết theo thủ tục giám đốc thẩm
A104: Số vụ án mới thụ lý | B104: 93
A105: Số bị cáo mới thụ lý | B105: 94
A106: Tổng số vụ án Tòa án thụ lý giám đốc thẩm | B106: 95
A107: Tổng số bị cáo Tòa án thụ lý giám đốc thẩm | B107: 96
A108: Số vụ án Toà án đã giải quyết | B108: 97
A109: Trong đó: Số vụ án do VKS kháng nghị được Tòa án chấp nhận | B109: 98
A110: Số bị cáo Toà án đã giải quyết | B110: 99
A111: Số bị cáo VKS kháng nghị được Tòa án chấp nhận | B111: 100
A112: Trong đó:- Số bị cáo sửa bản án, quyết định | B112: 101
A113: - Số bị cáo Toà án huỷ bản án, quyết định | B113: 102
A114: Tr.đó:+ Số bị cáo Toà án huỷ bản án, quyết định để điều tra lại | B114: 103
A115: + Số bị cáo Toà án huỷ bản án, quyết định để xét xử sơ thẩm lại | B115: 104
... A120: Số bản kiến nghị của VKS với Toà án yêu cầu khắc phục vi phạm trong hoạt động xét xử giám đốc thẩm được chấp nhận | B120: 109
A121: 4. Giải quyết theo thủ tục tái thẩm
A122: Số vụ án mới thụ lý | B122: 110
A123: Số bị cáo mới thụ lý | B123: 111
A124: Tổng số vụ án Tòa án thụ lý tái thẩm | B124: 112
A125: Tổng số bị cáo Tòa án thụ lý tái thẩm | B125: 113
A126: Số vụ án Tòa án đã giải quyết | B126: 114
A127: Số vụ án kháng nghị của VKS được Tòa án chấp nhận | B127: 115
...

Sheet Đội 5
A1: THỐNG KÊ HÌNH SỰ LIÊN NGÀNH Kỳ thống kê tháng …. năm 2026
A3: Tiêu chí | B3: Mã | C3: Số
B4: dòng | C4: liệu
A5: I. TIẾP NHẬN, GIẢI QUYẾT TỐ GIÁC, TIN BÁO VỀ TỘI PHẠM VÀ KIẾN NGHỊ KHỞI TỐ
A6: Số tố giác, tin báo về tội phạm, kiến nghị khởi tố mới nhận | B6: 1 | C6: 2
A7: Tổng số tố giác, tin báo về tội phạm, kiến nghị khởi tố phải giải quyết | B7: 2 | C7: 2
A8: Số tố giác, tin báo về tội phạm, kiến nghị khởi tố đã quyết định khởi tố vụ án hình sự | B8: 3 | C8: 2
A9: Số tố giác, tin báo về tội phạm, kiến nghị khởi tố quyết định không khởi tố vụ án hình sự | B9: 4 | C9: 0
A10: Số tố giác, tin báo về tội phạm, kiến nghị khởi tố tạm đình chỉ việc giải quyết trong kỳ thống kê | B10: 5 | C10: 0
A11: Tổng số tố giác, tin báo về tội phạm, kiến nghị khởi tố tạm đình chỉ giải quyết tính đến cuối kỳ thống kê | B11: 6 | C11: 0
A12: Số tố giác, tin báo về tội phạm, kiến nghị khởi tố cuối kỳ chưa giải quyết xong | B12: 7 | C12: 0
A13: Trong đó: Số tố giác, tin báo về tội phạm, kiến nghị khởi tố đã quá hạn | B13: 8 | C13: 0
A14: Số quyết định VKS hủy bỏ các lệnh, quyết định không có căn cứ và trái pháp luật của CQĐT, cơ quan được giao nhiệm vụ tiến hành một số hoạt động điều tra | B14: 9 | C14: 0
A15: Số bản kiến nghị của VKS ban hành kiến nghị CQĐT, cơ quan được giao nhiệm vụ tiến hành một số hoạt động điều tra được chấp nhận | B15: 10 | C15: 0
A16: II. KHỞI TỐ, ĐIỀU TRA VÀ KIỂM SÁT ĐIỀU TRA CÁC VỤ ÁN HÌNH SỰ
A17: Số vụ án mới khởi tố | B17: 11 | C17: 3
A18: Số bị can mới khởi tố | B18: 12 | C18: 7
A19: Tổng số vụ án thụ lý điều tra | B19: 13 | C19: 27
A20: Tổng số bị can thụ lý điều tra | B20: 14 | C20: 181
A21: Số vụ án đề nghị truy tố | B21: 15 | C21: 0
A22: Số bị can đề nghị truy tố | B22: 16 | C22: 0
A23: Số vụ án CQĐT đình chỉ điều tra | B23: 17 | C23: 0
A24: Số bị can CQĐT đình chỉ điều tra | B24: 18 | C24: 0
A25: Trong đó: - Số bị can đình chỉ điều tra do không có sự việc phạm tội (theo K1 Đ157 BLTTHS) - (không tính trường hợp đình chỉ do bị can bị tâm thần). | B25: 19 | C25: 0
A26: - Số bị can đình chỉ điều tra do hành vi không cấu thành tội phạm (theo K2 Đ157 BLTTHS) - (không tính trường hợp đình chỉ do bị can bị tâm thần). | B26: 20 | C26: 0
A27: - Số bị can đình chỉ vì hết thời hạn điều tra mà không chứng minh được bị can đã thực hiện tội phạm (theo điểm b K1 Đ230 BLTTHS) | B27: 21 | C27: 0
A28: - Số bị can đình chỉ do được miễn trách nhiệm hình sự theo K1 Đ29 BLHS | B28: 22 | C28: 0
... A37: Số bản kiến nghị của VKS ban hành kiến nghị CQĐT, cơ quan được giao nhiệm vụ tiến hành một số hoạt động điều tra được chấp nhận | B37: 31 | C37: 0
A38: III. QUYẾT ĐỊNH VIỆC TRUY TỐ
A39: Số vụ án mới thụ lý | B39: 32
A40: Số bị can mới thụ lý | B40: 33
A41: Tổng số vụ án VKS thụ lý giải quyết | B41: 34
A42: Tổng số bị can VKS thụ lý giải quyết | B42: 35
A43: Số vụ án truy tố | B43: 36
A44: Số bị can truy tố | B44: 37
A45: Số vụ án VKS quyết định không truy tố và ra quyết định đình chỉ | B45: 38
A46: Trong đó: Số vụ án Toà án trả hồ sơ cho VKS để điều tra bổ sung nhưng sau đó đình chỉ | B46: 39
A47: Số bị can VKS quyết định không truy tố và ra quyết định đình chỉ vụ án đối với bị can | B47: 40
A48: Trong đó: - Số bị can đình chỉ điều tra do không có sự việc phạm tội (theo K1 Đ157 BLTTHS) | B48: 41
A49: - Số bị can đình chỉ điều tra do hành vi không cấu thành tội phạm (theo K2 Đ157 BLTTHS) | B49: 42
A50: - Số bị can đình chỉ do được miễn trách nhiệm hình sự theo K1 Đ29 BLHS | B50: 43
... A59: Số quyết định VKS hủy bỏ quyết định của CQĐT do không có căn cứ và trái pháp luật của CQĐT | B59: 52
A60: IV. XÉT XỬ
A61: 1. Xét xử sơ thẩm
A62: Số vụ án mới thụ lý xét xử sơ thẩm | B62: 53
A63: Số bị cáo mới thụ lý xét xử sơ thẩm | B63: 54
A64: Tổng số vụ án Tòa án thụ lý xét xử sơ thẩm | B64: 55
A65: Tổng số bị cáo Tòa án thụ lý xét xử sơ thẩm | B65: 56
A66: Số vụ án đã xét xử sơ thẩm | B66: 57
A67: Số bị cáo đã xét xử sơ thẩm | B67: 58
A68: Trong đó: Số bị cáo Toà án sơ thẩm tuyên không phạm tội | B68: 59
A69: Tổng số vụ án Toà án tạm đình chỉ tính đến cuối kỳ thống kê | B69: 60
A70: Tổng số bị cáo Toà án tạm đình chỉ tính đến cuối kỳ thống kê | B70: 61
A71: Số vụ án còn lại chưa giải quyết | B71: 62
A72: Trong đó: Số vụ án còn lại chưa giải quyết đã quá hạn luật định | B72: 63
A73: Số bị cáo còn lại chưa giải quyết | B73: 64
... A76: Số bản kiến nghị của VKS với Toà án yêu cầu khắc phục vi phạm trong hoạt động xét xử sơ thẩm được chấp nhận | B76: 67
A77: 2. Xét xử phúc thẩm
A78: Số vụ án mới thụ lý xét xử phúc thẩm | B78: 68
A79: Số bị cáo mới thụ lý xét xử phúc thẩm | B79: 69
A80: Tổng số vụ án Tòa án thụ lý xét xử phúc thẩm | B80: 70
A81: Tổng số bị cáo Tòa án thụ lý xét xử phúc thẩm | B81: 71
A82: Số vụ án đã xét xử phúc thẩm | B82: 72
A83: Trong đó: - Số vụ án do VKS kháng nghị | B83: 73
A84: - Số vụ án Tòa án xử chấp nhận kháng nghị của VKS | B84: 74
A85: Tr đó: + Số vụ án bị Tòa án cấp phúc thẩm tuyên sửa bản án, quyết định sơ thẩm | B85: 75
A86: + Số vụ án bị Tòa án cấp phúc thẩm hủy bản án, quyết định | B86: 76
A87: Tr.đó:++ Số vụ án Tòa án hủy bản án, quyết định sơ thẩm để điều tra lại | B87: 77
A88: ++ Số vụ án Tòa án hủy bản án, quyết định sơ thẩm để xét xử lại | B88: 78
A89: ++ Số vụ án Tòa án hủy bản án, quyết định sơ thẩm và đình chỉ vụ án | B89: 79
... A102: Số bản kiến nghị của VKS với Tòa án yêu cầu khắc phục vi phạm trong hoạt động xét xử phúc thẩm được chấp nhận | B102: 92
A103: 3. Giải quyết theo thủ tục giám đốc thẩm
A104: Số vụ án mới thụ lý | B104: 93
A105: Số bị cáo mới thụ lý | B105: 94
A106: Tổng số vụ án Tòa án thụ lý giám đốc thẩm | B106: 95
A107: Tổng số bị cáo Tòa án thụ lý giám đốc thẩm | B107: 96
A108: Số vụ án Toà án đã giải quyết | B108: 97
A109: Trong đó: Số vụ án do VKS kháng nghị được Tòa án chấp nhận | B109: 98
A110: Số bị cáo Toà án đã giải quyết | B110: 99
A111: Số bị cáo VKS kháng nghị được Tòa án chấp nhận | B111: 100
A112: Trong đó:- Số bị cáo sửa bản án, quyết định | B112: 101
A113: - Số bị cáo Toà án huỷ bản án, quyết định | B113: 102
A114: Tr.đó:+ Số bị cáo Toà án huỷ bản án, quyết định để điều tra lại | B114: 103
A115: + Số bị cáo Toà án huỷ bản án, quyết định để xét xử sơ thẩm lại | B115: 104
... A120: Số bản kiến nghị của VKS với Toà án yêu cầu khắc phục vi phạm trong hoạt động xét xử giám đốc thẩm được chấp nhận | B120: 109
A121: 4. Giải quyết theo thủ tục tái thẩm
A122: Số vụ án mới thụ lý | B122: 110
A123: Số bị cáo mới thụ lý | B123: 111
A124: Tổng số vụ án Tòa án thụ lý tái thẩm | B124: 112
A125: Tổng số bị cáo Tòa án thụ lý tái thẩm | B125: 113
A126: Số vụ án Tòa án đã giải quyết | B126: 114
A127: Số vụ án kháng nghị của VKS được Tòa án chấp nhận | B127: 115
A128: Số bị cáo Toà án đã giải quyết | B128: 116
A129: Số bị cáo kháng nghị của VKS được Tòa án chấp nhận | B129: 117
A130: Trong đó:+ Số bị cáo Toà án huỷ bản án, quyết định để điều tra lại | B130: 118
A131: + Số bị cáo Toà án huỷ bản án, quyết định để xét xử lại | B131: 119
A132: + Số bị cáo Toà án huỷ bản án, quyết định và đình chỉ vụ án | B132: 120
A133: Số vụ án còn lại cuối kỳ chưa giải quyết tái thẩm | B133: 121
... A135: Số bản kiến nghị của VKS với Toà án yêu cầu khắc phục vi phạm trong hoạt động tái thẩm được chấp nhận | B135: 123
A136: V. Tạm giữ, tạm giam và thi hành án hình sự
...

Sheet Đội 6
A1: THỐNG KÊ HÌNH SỰ LIÊN NGÀNH Kỳ thống kê tháng …. năm 2026
A3: Tiêu chí | B3: Mã | C3: Số
B4: dòng | C4: liệu
A5: I. TIẾP NHẬN, GIẢI QUYẾT TỐ GIÁC, TIN BÁO VỀ TỘI PHẠM VÀ KIẾN NGHỊ KHỞI TỐ
A6: Số tố giác, tin báo về tội phạm, kiến nghị khởi tố mới nhận | B6: 1 | C6: 3
A7: Tổng số tố giác, tin báo về tội phạm, kiến nghị khởi tố phải giải quyết | B7: 2 | C7: 4
A8: Số tố giác, tin báo về tội phạm, kiến nghị khởi tố đã quyết định khởi tố vụ án hình sự | B8: 3 | C8: 0
A9: Số tố giác, tin báo về tội phạm, kiến nghị khởi tố quyết định không khởi tố vụ án hình sự | B9: 4 | C9: 0
A10: Số tố giác, tin báo về tội phạm, kiến nghị khởi tố tạm đình chỉ việc giải quyết trong kỳ thống kê | B10: 5 | C10: 0
A11: Tổng số tố giác, tin báo về tội phạm, kiến nghị khởi tố tạm đình chỉ giải quyết tính đến cuối kỳ thống kê | B11: 6 | C11: 10
A12: Số tố giác, tin báo về tội phạm, kiến nghị khởi tố cuối kỳ chưa giải quyết xong | B12: 7 | C12: 4
A13: Trong đó: Số tố giác, tin báo về tội phạm, kiến nghị khởi tố đã quá hạn | B13: 8 | C13: 0
A14: Số quyết định VKS hủy bỏ các lệnh, quyết định không có căn cứ và trái pháp luật của CQĐT, cơ quan được giao nhiệm vụ tiến hành một số hoạt động điều tra | B14: 9 | C14: 0
A15: Số bản kiến nghị của VKS ban hành kiến nghị CQĐT, cơ quan được giao nhiệm vụ tiến hành một số hoạt động điều tra được chấp nhận | B15: 10 | C15: 0
A16: II. KHỞI TỐ, ĐIỀU TRA VÀ KIỂM SÁT ĐIỀU TRA CÁC VỤ ÁN HÌNH SỰ
A17: Số vụ án mới khởi tố | B17: 11 | C17: 5
A18: Số bị can mới khởi tố | B18: 12 | C18: 15
A19: Tổng số vụ án thụ lý điều tra | B19: 13 | C19: 22
A20: Tổng số bị can thụ lý điều tra | B20: 14 | C20: 135
A21: Số vụ án đề nghị truy tố | B21: 15
A22: Số bị can đề nghị truy tố | B22: 16
A23: Số vụ án CQĐT đình chỉ điều tra | B23: 17 | C23: 0
A24: Số bị can CQĐT đình chỉ điều tra | B24: 18 | C24: 0
A25: Trong đó: - Số bị can đình chỉ điều tra do không có sự việc phạm tội (theo K1 Đ157 BLTTHS) - (không tính trường hợp đình chỉ do bị can bị tâm thần). | B25: 19 | C25: 0
A26: - Số bị can đình chỉ điều tra do hành vi không cấu thành tội phạm (theo K2 Đ157 BLTTHS) - (không tính trường hợp đình chỉ do bị can bị tâm thần). | B26: 20 | C26: 0
A27: - Số bị can đình chỉ vì hết thời hạn điều tra mà không chứng minh được bị can đã thực hiện tội phạm (theo điểm b K1 Đ230 BLTTHS) | B27: 21 | C27: 0
A28: - Số bị can đình chỉ do được miễn trách nhiệm hình sự theo K1 Đ29 BLHS | B28: 22 | C28: 0
A29: - Số bị can đình chỉ do được miễn trách nhiệm hình sự theo K2 Đ29 BLHS | B29: 23 | C29: 0
A30: - Số bị can đình chỉ điều tra do được miễn trách nhiệm hình sự theo K3 Đ29 BLHS | B30: 24 | C30: 0
A31: Tổng số vụ án CQĐT ra quyết định tạm đình chỉ điều tra còn lại tính đến cuối kỳ thống kê | B31: 25 | C31: 12
A32: Tổng số bị can CQĐT ra quyết định tạm đình chỉ điều tra còn lại tính đến cuối kỳ thống kê | B32: 26 | C32: 2
A33: Số vụ án còn lại chưa kết thúc điều tra | B33: 27 | C33: 21
A34: Trong đó:Số vụ án chưa kết thúc điều tra đã quá thời hạn luật định | B34: 28 | C34: 0
... A37: Số bản kiến nghị của VKS ban hành kiến nghị CQĐT, cơ quan được giao nhiệm vụ tiến hành một số hoạt động điều tra được chấp nhận | B37: 31 | C37: 0
A38: III. QUYẾT ĐỊNH VIỆC TRUY TỐ
A39: Số vụ án mới thụ lý | B39: 32
A40: Số bị can mới thụ lý | B40: 33
A41: Tổng số vụ án VKS thụ lý giải quyết | B41: 34
A42: Tổng số bị can VKS thụ lý giải quyết | B42: 35
A43: Số vụ án truy tố | B43: 36
A44: Số bị can truy tố | B44: 37
A45: Số vụ án VKS quyết định không truy tố và ra quyết định đình chỉ | B45: 38
A46: Trong đó: Số vụ án Toà án trả hồ sơ cho VKS để điều tra bổ sung nhưng sau đó đình chỉ | B46: 39
A47: Số bị can VKS quyết định không truy tố và ra quyết định đình chỉ vụ án đối với bị can | B47: 40
A48: Trong đó: - Số bị can đình chỉ điều tra do không có sự việc phạm tội (theo K1 Đ157 BLTTHS) | B48: 41
A49: - Số bị can đình chỉ điều tra do hành vi không cấu thành tội phạm (theo K2 Đ157 BLTTHS) | B49: 42
A50: - Số bị can đình chỉ do được miễn trách nhiệm hình sự theo K1 Đ29 BLHS | B50: 43
... A59: Số quyết định VKS hủy bỏ quyết định của CQĐT do không có căn cứ và trái pháp luật của CQĐT | B59: 52
A60: IV. XÉT XỬ
A61: 1. Xét xử sơ thẩm
A62: Số vụ án mới thụ lý xét xử sơ thẩm | B62: 53
A63: Số bị cáo mới thụ lý xét xử sơ thẩm | B63: 54
A64: Tổng số vụ án Tòa án thụ lý xét xử sơ thẩm | B64: 55
A65: Tổng số bị cáo Tòa án thụ lý xét xử sơ thẩm | B65: 56
A66: Số vụ án đã xét xử sơ thẩm | B66: 57
A67: Số bị cáo đã xét xử sơ thẩm | B67: 58
A68: Trong đó: Số bị cáo Toà án sơ thẩm tuyên không phạm tội | B68: 59
A69: Tổng số vụ án Toà án tạm đình chỉ tính đến cuối kỳ thống kê | B69: 60
A70: Tổng số bị cáo Toà án tạm đình chỉ tính đến cuối kỳ thống kê | B70: 61
A71: Số vụ án còn lại chưa giải quyết | B71: 62
A72: Trong đó: Số vụ án còn lại chưa giải quyết đã quá hạn luật định | B72: 63
A73: Số bị cáo còn lại chưa giải quyết | B73: 64
... A76: Số bản kiến nghị của VKS với Toà án yêu cầu khắc phục vi phạm trong hoạt động xét xử sơ thẩm được chấp nhận | B76: 67
A77: 2. Xét xử phúc thẩm
A78: Số vụ án mới thụ lý xét xử phúc thẩm | B78: 68
A79: Số bị cáo mới thụ lý xét xử phúc thẩm | B79: 69
A80: Tổng số vụ án Tòa án thụ lý xét xử phúc thẩm | B80: 70
A81: Tổng số bị cáo Tòa án thụ lý xét xử phúc thẩm | B81: 71
A82: Số vụ án đã xét xử phúc thẩm | B82: 72
A83: Trong đó: - Số vụ án do VKS kháng nghị | B83: 73
A84: - Số vụ án Tòa án xử chấp nhận kháng nghị của VKS | B84: 74
A85: Tr đó: + Số vụ án bị Tòa án cấp phúc thẩm tuyên sửa bản án, quyết định sơ thẩm | B85: 75
A86: + Số vụ án bị Tòa án cấp phúc thẩm hủy bản án, quyết định | B86: 76
A87: Tr.đó:++ Số vụ án Tòa án hủy bản án, quyết định sơ thẩm để điều tra lại | B87: 77
A88: ++ Số vụ án Tòa án hủy bản án, quyết định sơ thẩm để xét xử lại | B88: 78
A89: ++ Số vụ án Tòa án hủy bản án, quyết định sơ thẩm và đình chỉ vụ án | B89: 79
... A102: Số bản kiến nghị của VKS với Tòa án yêu cầu khắc phục vi phạm trong hoạt động xét xử phúc thẩm được chấp nhận | B102: 92
A103: 3. Giải quyết theo thủ tục giám đốc thẩm
A104: Số vụ án mới thụ lý | B104: 93
A105: Số bị cáo mới thụ lý | B105: 94
A106: Tổng số vụ án Tòa án thụ lý giám đốc thẩm | B106: 95
A107: Tổng số bị cáo Tòa án thụ lý giám đốc thẩm | B107: 96
A108: Số vụ án Toà án đã giải quyết | B108: 97
A109: Trong đó: Số vụ án do VKS kháng nghị được Tòa án chấp nhận | B109: 98
A110: Số bị cáo Toà án đã giải quyết | B110: 99
A111: Số bị cáo VKS kháng nghị được Tòa án chấp nhận | B111: 100
A112: Trong đó:- Số bị cáo sửa bản án, quyết định | B112: 101
A113: - Số bị cáo Toà án huỷ bản án, quyết định | B113: 102
A114: Tr.đó:+ Số bị cáo Toà án huỷ bản án, quyết định để điều tra lại | B114: 103
A115: + Số bị cáo Toà án huỷ bản án, quyết định để xét xử sơ thẩm lại | B115: 104
... A120: Số bản kiến nghị của VKS với Toà án yêu cầu khắc phục vi phạm trong hoạt động xét xử giám đốc thẩm được chấp nhận | B120: 109
A121: 4. Giải quyết theo thủ tục tái thẩm
A122: Số vụ án mới thụ lý | B122: 110
A123: Số bị cáo mới thụ lý | B123: 111
A124: Tổng số vụ án Tòa án thụ lý tái thẩm | B124: 112
A125: Tổng số bị cáo Tòa án thụ lý tái thẩm | B125: 113
A126: Số vụ án Tòa án đã giải quyết | B126: 114
A127: Số vụ án kháng nghị của VKS được Tòa án chấp nhận | B127: 115
A128: Số bị cáo Toà án đã giải quyết | B128: 116
A129: Số bị cáo kháng nghị của VKS được Tòa án chấp nhận | B129: 117
...

Sheet Tổ 1
A1: THỐNG KÊ HÌNH SỰ LIÊN NGÀNH Kỳ thống kê tháng …. năm 2026
A3: Tiêu chí | B3: Mã | C3: Số
B4: dòng | C4: liệu
A5: I. TIẾP NHẬN, GIẢI QUYẾT TỐ GIÁC, TIN BÁO VỀ TỘI PHẠM VÀ KIẾN NGHỊ KHỞI TỐ
A6: Số tố giác, tin báo về tội phạm, kiến nghị khởi tố mới nhận | B6: 1 | C6: 2
A7: Tổng số tố giác, tin báo về tội phạm, kiến nghị khởi tố phải giải quyết | B7: 2 | C7: =C8+C9+C10+C12 -> 23
A8: Số tố giác, tin báo về tội phạm, kiến nghị khởi tố đã quyết định khởi tố vụ án hình sự | B8: 3 | C8: 6
A9: Số tố giác, tin báo về tội phạm, kiến nghị khởi tố quyết định không khởi tố vụ án hình sự | B9: 4 | C9: 0
A10: Số tố giác, tin báo về tội phạm, kiến nghị khởi tố tạm đình chỉ việc giải quyết trong kỳ thống kê | B10: 5 | C10: 0
A11: Tổng số tố giác, tin báo về tội phạm, kiến nghị khởi tố tạm đình chỉ giải quyết tính đến cuối kỳ thống kê | B11: 6 | C11: 356
A12: Số tố giác, tin báo về tội phạm, kiến nghị khởi tố cuối kỳ chưa giải quyết xong | B12: 7 | C12: 17
A13: Trong đó: Số tố giác, tin báo về tội phạm, kiến nghị khởi tố đã quá hạn | B13: 8 | C13: 0
A14: Số quyết định VKS hủy bỏ các lệnh, quyết định không có căn cứ và trái pháp luật của CQĐT, cơ quan được giao nhiệm vụ tiến hành một số hoạt động điều tra | B14: 9 | C14: 0
A15: Số bản kiến nghị của VKS ban hành kiến nghị CQĐT, cơ quan được giao nhiệm vụ tiến hành một số hoạt động điều tra được chấp nhận | B15: 10 | C15: 0
A16: II. KHỞI TỐ, ĐIỀU TRA VÀ KIỂM SÁT ĐIỀU TRA CÁC VỤ ÁN HÌNH SỰ
A17: Số vụ án mới khởi tố | B17: 11 | C17: 6
A18: Số bị can mới khởi tố | B18: 12 | C18: 0
A19: Tổng số vụ án thụ lý điều tra | B19: 13 | C19: 202
A20: Tổng số bị can thụ lý điều tra | B20: 14 | C20: 60
A21: Số vụ án đề nghị truy tố | B21: 15 | C21: 2
A22: Số bị can đề nghị truy tố | B22: 16 | C22: 3
A23: Số vụ án CQĐT đình chỉ điều tra | B23: 17 | C23: 0
A24: Số bị can CQĐT đình chỉ điều tra | B24: 18 | C24: 0
A25: Trong đó: - Số bị can đình chỉ điều tra do không có sự việc phạm tội (theo K1 Đ157 BLTTHS) - (không tính trường hợp đình chỉ do bị can bị tâm thần). | B25: 19 | C25: 0
A26: - Số bị can đình chỉ điều tra do hành vi không cấu thành tội phạm (theo K2 Đ157 BLTTHS) - (không tính trường hợp đình chỉ do bị can bị tâm thần). | B26: 20 | C26: 0
A27: - Số bị can đình chỉ vì hết thời hạn điều tra mà không chứng minh được bị can đã thực hiện tội phạm (theo điểm b K1 Đ230 BLTTHS) | B27: 21 | C27: 0
A28: - Số bị can đình chỉ do được miễn trách nhiệm hình sự theo K1 Đ29 BLHS | B28: 22 | C28: 0
... A37: Số bản kiến nghị của VKS ban hành kiến nghị CQĐT, cơ quan được giao nhiệm vụ tiến hành một số hoạt động điều tra được chấp nhận | B37: 31 | C37: 0
A38: III. QUYẾT ĐỊNH VIỆC TRUY TỐ
A39: Số vụ án mới thụ lý | B39: 32
A40: Số bị can mới thụ lý | B40: 33
A41: Tổng số vụ án VKS thụ lý giải quyết | B41: 34
A42: Tổng số bị can VKS thụ lý giải quyết | B42: 35
A43: Số vụ án truy tố | B43: 36
A44: Số bị can truy tố | B44: 37
A45: Số vụ án VKS quyết định không truy tố và ra quyết định đình chỉ | B45: 38
A46: Trong đó: Số vụ án Toà án trả hồ sơ cho VKS để điều tra bổ sung nhưng sau đó đình chỉ | B46: 39
A47: Số bị can VKS quyết định không truy tố và ra quyết định đình chỉ vụ án đối với bị can | B47: 40
A48: Trong đó: - Số bị can đình chỉ điều tra do không có sự việc phạm tội (theo K1 Đ157 BLTTHS) | B48: 41
A49: - Số bị can đình chỉ điều tra do hành vi không cấu thành tội phạm (theo K2 Đ157 BLTTHS) | B49: 42
A50: - Số bị can đình chỉ do được miễn trách nhiệm hình sự theo K1 Đ29 BLHS | B50: 43
... A59: Số quyết định VKS hủy bỏ quyết định của CQĐT do không có căn cứ và trái pháp luật của CQĐT | B59: 52
A60: IV. XÉT XỬ
A61: 1. Xét xử sơ thẩm
A62: Số vụ án mới thụ lý xét xử sơ thẩm | B62: 53
A63: Số bị cáo mới thụ lý xét xử sơ thẩm | B63: 54
A64: Tổng số vụ án Tòa án thụ lý xét xử sơ thẩm | B64: 55
A65: Tổng số bị cáo Tòa án thụ lý xét xử sơ thẩm | B65: 56
A66: Số vụ án đã xét xử sơ thẩm | B66: 57
A67: Số bị cáo đã xét xử sơ thẩm | B67: 58
A68: Trong đó: Số bị cáo Toà án sơ thẩm tuyên không phạm tội | B68: 59
A69: Tổng số vụ án Toà án tạm đình chỉ tính đến cuối kỳ thống kê | B69: 60
A70: Tổng số bị cáo Toà án tạm đình chỉ tính đến cuối kỳ thống kê | B70: 61
A71: Số vụ án còn lại chưa giải quyết | B71: 62
A72: Trong đó: Số vụ án còn lại chưa giải quyết đã quá hạn luật định | B72: 63
A73: Số bị cáo còn lại chưa giải quyết | B73: 64
... A76: Số bản kiến nghị của VKS với Toà án yêu cầu khắc phục vi phạm trong hoạt động xét xử sơ thẩm được chấp nhận | B76: 67
A77: 2. Xét xử phúc thẩm
A78: Số vụ án mới thụ lý xét xử phúc thẩm | B78: 68
A79: Số bị cáo mới thụ lý xét xử phúc thẩm | B79: 69
A80: Tổng số vụ án Tòa án thụ lý xét xử phúc thẩm | B80: 70
A81: Tổng số bị cáo Tòa án thụ lý xét xử phúc thẩm | B81: 71
A82: Số vụ án đã xét xử phúc thẩm | B82: 72
A83: Trong đó: - Số vụ án do VKS kháng nghị | B83: 73
A84: - Số vụ án Tòa án xử chấp nhận kháng nghị của VKS | B84: 74
A85: Tr đó: + Số vụ án bị Tòa án cấp phúc thẩm tuyên sửa bản án, quyết định sơ thẩm | B85: 75
A86: + Số vụ án bị Tòa án cấp phúc thẩm hủy bản án, quyết định | B86: 76
A87: Tr.đó:++ Số vụ án Tòa án hủy bản án, quyết định sơ thẩm để điều tra lại | B87: 77
A88: ++ Số vụ án Tòa án hủy bản án, quyết định sơ thẩm để xét xử lại | B88: 78
A89: ++ Số vụ án Tòa án hủy bản án, quyết định sơ thẩm và đình chỉ vụ án | B89: 79
... A102: Số bản kiến nghị của VKS với Tòa án yêu cầu khắc phục vi phạm trong hoạt động xét xử phúc thẩm được chấp nhận | B102: 92
A103: 3. Giải quyết theo thủ tục giám đốc thẩm
A104: Số vụ án mới thụ lý | B104: 93
A105: Số bị cáo mới thụ lý | B105: 94
A106: Tổng số vụ án Tòa án thụ lý giám đốc thẩm | B106: 95
A107: Tổng số bị cáo Tòa án thụ lý giám đốc thẩm | B107: 96
A108: Số vụ án Toà án đã giải quyết | B108: 97
A109: Trong đó: Số vụ án do VKS kháng nghị được Tòa án chấp nhận | B109: 98
A110: Số bị cáo Toà án đã giải quyết | B110: 99
A111: Số bị cáo VKS kháng nghị được Tòa án chấp nhận | B111: 100
A112: Trong đó:- Số bị cáo sửa bản án, quyết định | B112: 101
A113: - Số bị cáo Toà án huỷ bản án, quyết định | B113: 102
A114: Tr.đó:+ Số bị cáo Toà án huỷ bản án, quyết định để điều tra lại | B114: 103
A115: + Số bị cáo Toà án huỷ bản án, quyết định để xét xử sơ thẩm lại | B115: 104
... A120: Số bản kiến nghị của VKS với Toà án yêu cầu khắc phục vi phạm trong hoạt động xét xử giám đốc thẩm được chấp nhận | B120: 109
A121: 4. Giải quyết theo thủ tục tái thẩm
A122: Số vụ án mới thụ lý | B122: 110
A123: Số bị cáo mới thụ lý | B123: 111
A124: Tổng số vụ án Tòa án thụ lý tái thẩm | B124: 112
A125: Tổng số bị cáo Tòa án thụ lý tái thẩm | B125: 113
A126: Số vụ án Tòa án đã giải quyết | B126: 114
A127: Số vụ án kháng nghị của VKS được Tòa án chấp nhận | B127: 115
A128: Số bị cáo Toà án đã giải quyết | B128: 116
A129: Số bị cáo kháng nghị của VKS được Tòa án chấp nhận | B129: 117
A130: Trong đó:+ Số bị cáo Toà án huỷ bản án, quyết định để điều tra lại | B130: 118
A131: + Số bị cáo Toà án huỷ bản án, quyết định để xét xử lại | B131: 119
A132: + Số bị cáo Toà án huỷ bản án, quyết định và đình chỉ vụ án | B132: 120
A133: Số vụ án còn lại cuối kỳ chưa giải quyết tái thẩm | B133: 121
... A135: Số bản kiến nghị của VKS với Toà án yêu cầu khắc phục vi phạm trong hoạt động tái thẩm được chấp nhận | B135: 123
A136: V. Tạm giữ, tạm giam và thi hành án hình sự
...

Sheet Tổ 2
A1: THỐNG KÊ HÌNH SỰ LIÊN NGÀNH Kỳ thống kê tháng …. năm 2026
A3: Tiêu chí | B3: Mã | C3: Số
B4: dòng | C4: liệu
A5: I. TIẾP NHẬN, GIẢI QUYẾT TỐ GIÁC, TIN BÁO VỀ TỘI PHẠM VÀ KIẾN NGHỊ KHỞI TỐ
A6: Số tố giác, tin báo về tội phạm, kiến nghị khởi tố mới nhận | B6: 1 | C6: 64
A7: Tổng số tố giác, tin báo về tội phạm, kiến nghị khởi tố phải giải quyết | B7: 2 | C7: 39
A8: Số tố giác, tin báo về tội phạm, kiến nghị khởi tố đã quyết định khởi tố vụ án hình sự | B8: 3 | C8: 29
A9: Số tố giác, tin báo về tội phạm, kiến nghị khởi tố quyết định không khởi tố vụ án hình sự | B9: 4 | C9: 5
A10: Số tố giác, tin báo về tội phạm, kiến nghị khởi tố tạm đình chỉ việc giải quyết trong kỳ thống kê | B10: 5 | C10: 5
A11: Tổng số tố giác, tin báo về tội phạm, kiến nghị khởi tố tạm đình chỉ giải quyết tính đến cuối kỳ thống kê | B11: 6 | C11: 638
A12: Số tố giác, tin báo về tội phạm, kiến nghị khởi tố cuối kỳ chưa giải quyết xong | B12: 7 | C12: 25
A13: Trong đó: Số tố giác, tin báo về tội phạm, kiến nghị khởi tố đã quá hạn | B13: 8
A14: Số quyết định VKS hủy bỏ các lệnh, quyết định không có căn cứ và trái pháp luật của CQĐT, cơ quan được giao nhiệm vụ tiến hành một số hoạt động điều tra | B14: 9
A15: Số bản kiến nghị của VKS ban hành kiến nghị CQĐT, cơ quan được giao nhiệm vụ tiến hành một số hoạt động điều tra được chấp nhận | B15: 10
A16: II. KHỞI TỐ, ĐIỀU TRA VÀ KIỂM SÁT ĐIỀU TRA CÁC VỤ ÁN HÌNH SỰ
A17: Số vụ án mới khởi tố | B17: 11 | C17: 29
A18: Số bị can mới khởi tố | B18: 12 | C18: 29
A19: Tổng số vụ án thụ lý điều tra | B19: 13
A20: Tổng số bị can thụ lý điều tra | B20: 14
A21: Số vụ án đề nghị truy tố | B21: 15 | C21: 30
A22: Số bị can đề nghị truy tố | B22: 16 | C22: 69
A23: Số vụ án CQĐT đình chỉ điều tra | B23: 17 | C23: 2
A24: Số bị can CQĐT đình chỉ điều tra | B24: 18 | C24: 5
A25: Trong đó: - Số bị can đình chỉ điều tra do không có sự việc phạm tội (theo K1 Đ157 BLTTHS) - (không tính trường hợp đình chỉ do bị can bị tâm thần). | B25: 19
A26: - Số bị can đình chỉ điều tra do hành vi không cấu thành tội phạm (theo K2 Đ157 BLTTHS) - (không tính trường hợp đình chỉ do bị can bị tâm thần). | B26: 20
A27: - Số bị can đình chỉ vì hết thời hạn điều tra mà không chứng minh được bị can đã thực hiện tội phạm (theo điểm b K1 Đ230 BLTTHS) | B27: 21
A28: - Số bị can đình chỉ do được miễn trách nhiệm hình sự theo K1 Đ29 BLHS | B28: 22
A29: - Số bị can đình chỉ do được miễn trách nhiệm hình sự theo K2 Đ29 BLHS | B29: 23
A30: - Số bị can đình chỉ điều tra do được miễn trách nhiệm hình sự theo K3 Đ29 BLHS | B30: 24
A31: Tổng số vụ án CQĐT ra quyết định tạm đình chỉ điều tra còn lại tính đến cuối kỳ thống kê | B31: 25 | C31: 1306
A32: Tổng số bị can CQĐT ra quyết định tạm đình chỉ điều tra còn lại tính đến cuối kỳ thống kê | B32: 26 | C32: 45
A33: Số vụ án còn lại chưa kết thúc điều tra | B33: 27 | C33: 124
A34: Trong đó:Số vụ án chưa kết thúc điều tra đã quá thời hạn luật định | B34: 28
A35: Số bị can còn lại chưa kết thúc điều tra | B35: 29 | C35: 228
A36: Số quyết định VKS hủy bỏ các lệnh, quyết định không có căn cứ và trái pháp luật của CQĐT, cơ quan được giao nhiệm vụ tiến hành một số hoạt động điều tra | B36: 30
A37: Số bản kiến nghị của VKS ban hành kiến nghị CQĐT, cơ quan được giao nhiệm vụ tiến hành một số hoạt động điều tra được chấp nhận | B37: 31
A38: III. QUYẾT ĐỊNH VIỆC TRUY TỐ
A39: Số vụ án mới thụ lý | B39: 32
A40: Số bị can mới thụ lý | B40: 33
A41: Tổng số vụ án VKS thụ lý giải quyết | B41: 34
A42: Tổng số bị can VKS thụ lý giải quyết | B42: 35
A43: Số vụ án truy tố | B43: 36
A44: Số bị can truy tố | B44: 37
A45: Số vụ án VKS quyết định không truy tố và ra quyết định đình chỉ | B45: 38
A46: Trong đó: Số vụ án Toà án trả hồ sơ cho VKS để điều tra bổ sung nhưng sau đó đình chỉ | B46: 39
A47: Số bị can VKS quyết định không truy tố và ra quyết định đình chỉ vụ án đối với bị can | B47: 40
A48: Trong đó: - Số bị can đình chỉ điều tra do không có sự việc phạm tội (theo K1 Đ157 BLTTHS) | B48: 41
A49: - Số bị can đình chỉ điều tra do hành vi không cấu thành tội phạm (theo K2 Đ157 BLTTHS) | B49: 42
A50: - Số bị can đình chỉ do được miễn trách nhiệm hình sự theo K1 Đ29 BLHS | B50: 43
... A59: Số quyết định VKS hủy bỏ quyết định của CQĐT do không có căn cứ và trái pháp luật của CQĐT | B59: 52
A60: IV. XÉT XỬ
A61: 1. Xét xử sơ thẩm
A62: Số vụ án mới thụ lý xét xử sơ thẩm | B62: 53
A63: Số bị cáo mới thụ lý xét xử sơ thẩm | B63: 54
A64: Tổng số vụ án Tòa án thụ lý xét xử sơ thẩm | B64: 55
A65: Tổng số bị cáo Tòa án thụ lý xét xử sơ thẩm | B65: 56
A66: Số vụ án đã xét xử sơ thẩm | B66: 57
A67: Số bị cáo đã xét xử sơ thẩm | B67: 58
A68: Trong đó: Số bị cáo Toà án sơ thẩm tuyên không phạm tội | B68: 59
A69: Tổng số vụ án Toà án tạm đình chỉ tính đến cuối kỳ thống kê | B69: 60
A70: Tổng số bị cáo Toà án tạm đình chỉ tính đến cuối kỳ thống kê | B70: 61
A71: Số vụ án còn lại chưa giải quyết | B71: 62
A72: Trong đó: Số vụ án còn lại chưa giải quyết đã quá hạn luật định | B72: 63
A73: Số bị cáo còn lại chưa giải quyết | B73: 64
... A76: Số bản kiến nghị của VKS với Toà án yêu cầu khắc phục vi phạm trong hoạt động xét xử sơ thẩm được chấp nhận | B76: 67
A77: 2. Xét xử phúc thẩm
A78: Số vụ án mới thụ lý xét xử phúc thẩm | B78: 68
A79: Số bị cáo mới thụ lý xét xử phúc thẩm | B79: 69
A80: Tổng số vụ án Tòa án thụ lý xét xử phúc thẩm | B80: 70
A81: Tổng số bị cáo Tòa án thụ lý xét xử phúc thẩm | B81: 71
A82: Số vụ án đã xét xử phúc thẩm | B82: 72
A83: Trong đó: - Số vụ án do VKS kháng nghị | B83: 73
A84: - Số vụ án Tòa án xử chấp nhận kháng nghị của VKS | B84: 74
A85: Tr đó: + Số vụ án bị Tòa án cấp phúc thẩm tuyên sửa bản án, quyết định sơ thẩm | B85: 75
A86: + Số vụ án bị Tòa án cấp phúc thẩm hủy bản án, quyết định | B86: 76
A87: Tr.đó:++ Số vụ án Tòa án hủy bản án, quyết định sơ thẩm để điều tra lại | B87: 77
A88: ++ Số vụ án Tòa án hủy bản án, quyết định sơ thẩm để xét xử lại | B88: 78
A89: ++ Số vụ án Tòa án hủy bản án, quyết định sơ thẩm và đình chỉ vụ án | B89: 79
... A102: Số bản kiến nghị của VKS với Tòa án yêu cầu khắc phục vi phạm trong hoạt động xét xử phúc thẩm được chấp nhận | B102: 92
A103: 3. Giải quyết theo thủ tục giám đốc thẩm
A104: Số vụ án mới thụ lý | B104: 93
A105: Số bị cáo mới thụ lý | B105: 94
A106: Tổng số vụ án Tòa án thụ lý giám đốc thẩm | B106: 95
A107: Tổng số bị cáo Tòa án thụ lý giám đốc thẩm | B107: 96
A108: Số vụ án Toà án đã giải quyết | B108: 97
A109: Trong đó: Số vụ án do VKS kháng nghị được Tòa án chấp nhận | B109: 98
A110: Số bị cáo Toà án đã giải quyết | B110: 99
A111: Số bị cáo VKS kháng nghị được Tòa án chấp nhận | B111: 100
A112: Trong đó:- Số bị cáo sửa bản án, quyết định | B112: 101
A113: - Số bị cáo Toà án huỷ bản án, quyết định | B113: 102
A114: Tr.đó:+ Số bị cáo Toà án huỷ bản án, quyết định để điều tra lại | B114: 103
A115: + Số bị cáo Toà án huỷ bản án, quyết định để xét xử sơ thẩm lại | B115: 104
... A120: Số bản kiến nghị của VKS với Toà án yêu cầu khắc phục vi phạm trong hoạt động xét xử giám đốc thẩm được chấp nhận | B120: 109
A121: 4. Giải quyết theo thủ tục tái thẩm
A122: Số vụ án mới thụ lý | B122: 110
A123: Số bị cáo mới thụ lý | B123: 111
A124: Tổng số vụ án Tòa án thụ lý tái thẩm | B124: 112
A125: Tổng số bị cáo Tòa án thụ lý tái thẩm | B125: 113
A126: Số vụ án Tòa án đã giải quyết | B126: 114
A127: Số vụ án kháng nghị của VKS được Tòa án chấp nhận | B127: 115
...

Sheet Tổ 3
A1: THỐNG KÊ HÌNH SỰ LIÊN NGÀNH Kỳ thống kê tháng …. năm 2026
A3: Tiêu chí | B3: Mã | C3: Số
B4: dòng | C4: liệu
A5: I. TIẾP NHẬN, GIẢI QUYẾT TỐ GIÁC, TIN BÁO VỀ TỘI PHẠM VÀ KIẾN NGHỊ KHỞI TỐ
A6: Số tố giác, tin báo về tội phạm, kiến nghị khởi tố mới nhận | B6: 1 | C6: 7
A7: Tổng số tố giác, tin báo về tội phạm, kiến nghị khởi tố phải giải quyết | B7: 2 | C7: 19
A8: Số tố giác, tin báo về tội phạm, kiến nghị khởi tố đã quyết định khởi tố vụ án hình sự | B8: 3 | C8: 7
A9: Số tố giác, tin báo về tội phạm, kiến nghị khởi tố quyết định không khởi tố vụ án hình sự | B9: 4
A10: Số tố giác, tin báo về tội phạm, kiến nghị khởi tố tạm đình chỉ việc giải quyết trong kỳ thống kê | B10: 5
A11: Tổng số tố giác, tin báo về tội phạm, kiến nghị khởi tố tạm đình chỉ giải quyết tính đến cuối kỳ thống kê | B11: 6 | C11: 241
A12: Số tố giác, tin báo về tội phạm, kiến nghị khởi tố cuối kỳ chưa giải quyết xong | B12: 7 | C12: 12
A13: Trong đó: Số tố giác, tin báo về tội phạm, kiến nghị khởi tố đã quá hạn | B13: 8
A14: Số quyết định VKS hủy bỏ các lệnh, quyết định không có căn cứ và trái pháp luật của CQĐT, cơ quan được giao nhiệm vụ tiến hành một số hoạt động điều tra | B14: 9
A15: Số bản kiến nghị của VKS ban hành kiến nghị CQĐT, cơ quan được giao nhiệm vụ tiến hành một số hoạt động điều tra được chấp nhận | B15: 10
A16: II. KHỞI TỐ, ĐIỀU TRA VÀ KIỂM SÁT ĐIỀU TRA CÁC VỤ ÁN HÌNH SỰ
A17: Số vụ án mới khởi tố | B17: 11 | C17: 7
A18: Số bị can mới khởi tố | B18: 12 | C18: 1
A19: Tổng số vụ án thụ lý điều tra | B19: 13 | C19: 87
A20: Tổng số bị can thụ lý điều tra | B20: 14 | C20: 99
A21: Số vụ án đề nghị truy tố | B21: 15 | C21: 5
A22: Số bị can đề nghị truy tố | B22: 16 | C22: 8
A23: Số vụ án CQĐT đình chỉ điều tra | B23: 17
A24: Số bị can CQĐT đình chỉ điều tra | B24: 18
A25: Trong đó: - Số bị can đình chỉ điều tra do không có sự việc phạm tội (theo K1 Đ157 BLTTHS) - (không tính trường hợp đình chỉ do bị can bị tâm thần). | B25: 19
A26: - Số bị can đình chỉ điều tra do hành vi không cấu thành tội phạm (theo K2 Đ157 BLTTHS) - (không tính trường hợp đình chỉ do bị can bị tâm thần). | B26: 20
A27: - Số bị can đình chỉ vì hết thời hạn điều tra mà không chứng minh được bị can đã thực hiện tội phạm (theo điểm b K1 Đ230 BLTTHS) | B27: 21
A28: - Số bị can đình chỉ do được miễn trách nhiệm hình sự theo K1 Đ29 BLHS | B28: 22
A29: - Số bị can đình chỉ do được miễn trách nhiệm hình sự theo K2 Đ29 BLHS | B29: 23
A30: - Số bị can đình chỉ điều tra do được miễn trách nhiệm hình sự theo K3 Đ29 BLHS | B30: 24
A31: Tổng số vụ án CQĐT ra quyết định tạm đình chỉ điều tra còn lại tính đến cuối kỳ thống kê | B31: 25 | C31: 1114
A32: Tổng số bị can CQĐT ra quyết định tạm đình chỉ điều tra còn lại tính đến cuối kỳ thống kê | B32: 26 | C32: 63
A33: Số vụ án còn lại chưa kết thúc điều tra | B33: 27 | C33: 82
A34: Trong đó:Số vụ án chưa kết thúc điều tra đã quá thời hạn luật định | B34: 28
A35: Số bị can còn lại chưa kết thúc điều tra | B35: 29 | C35: 92
A36: Số quyết định VKS hủy bỏ các lệnh, quyết định không có căn cứ và trái pháp luật của CQĐT, cơ quan được giao nhiệm vụ tiến hành một số hoạt động điều tra | B36: 30
A37: Số bản kiến nghị của VKS ban hành kiến nghị CQĐT, cơ quan được giao nhiệm vụ tiến hành một số hoạt động điều tra được chấp nhận | B37: 31
A38: III. QUYẾT ĐỊNH VIỆC TRUY TỐ
A39: Số vụ án mới thụ lý | B39: 32
A40: Số bị can mới thụ lý | B40: 33
A41: Tổng số vụ án VKS thụ lý giải quyết | B41: 34
A42: Tổng số bị can VKS thụ lý giải quyết | B42: 35
A43: Số vụ án truy tố | B43: 36
A44: Số bị can truy tố | B44: 37
A45: Số vụ án VKS quyết định không truy tố và ra quyết định đình chỉ | B45: 38
A46: Trong đó: Số vụ án Toà án trả hồ sơ cho VKS để điều tra bổ sung nhưng sau đó đình chỉ | B46: 39
A47: Số bị can VKS quyết định không truy tố và ra quyết định đình chỉ vụ án đối với bị can | B47: 40
A48: Trong đó: - Số bị can đình chỉ điều tra do không có sự việc phạm tội (theo K1 Đ157 BLTTHS) | B48: 41
A49: - Số bị can đình chỉ điều tra do hành vi không cấu thành tội phạm (theo K2 Đ157 BLTTHS) | B49: 42
A50: - Số bị can đình chỉ do được miễn trách nhiệm hình sự theo K1 Đ29 BLHS | B50: 43
... A59: Số quyết định VKS hủy bỏ quyết định của CQĐT do không có căn cứ và trái pháp luật của CQĐT | B59: 52
A60: IV. XÉT XỬ
A61: 1. Xét xử sơ thẩm
A62: Số vụ án mới thụ lý xét xử sơ thẩm | B62: 53
A63: Số bị cáo mới thụ lý xét xử sơ thẩm | B63: 54
A64: Tổng số vụ án Tòa án thụ lý xét xử sơ thẩm | B64: 55
A65: Tổng số bị cáo Tòa án thụ lý xét xử sơ thẩm | B65: 56
A66: Số vụ án đã xét xử sơ thẩm | B66: 57
A67: Số bị cáo đã xét xử sơ thẩm | B67: 58
A68: Trong đó: Số bị cáo Toà án sơ thẩm tuyên không phạm tội | B68: 59
A69: Tổng số vụ án Toà án tạm đình chỉ tính đến cuối kỳ thống kê | B69: 60
A70: Tổng số bị cáo Toà án tạm đình chỉ tính đến cuối kỳ thống kê | B70: 61
A71: Số vụ án còn lại chưa giải quyết | B71: 62
A72: Trong đó: Số vụ án còn lại chưa giải quyết đã quá hạn luật định | B72: 63
A73: Số bị cáo còn lại chưa giải quyết | B73: 64
... A76: Số bản kiến nghị của VKS với Toà án yêu cầu khắc phục vi phạm trong hoạt động xét xử sơ thẩm được chấp nhận | B76: 67
A77: 2. Xét xử phúc thẩm
A78: Số vụ án mới thụ lý xét xử phúc thẩm | B78: 68
A79: Số bị cáo mới thụ lý xét xử phúc thẩm | B79: 69
A80: Tổng số vụ án Tòa án thụ lý xét xử phúc thẩm | B80: 70
A81: Tổng số bị cáo Tòa án thụ lý xét xử phúc thẩm | B81: 71
A82: Số vụ án đã xét xử phúc thẩm | B82: 72
A83: Trong đó: - Số vụ án do VKS kháng nghị | B83: 73
A84: - Số vụ án Tòa án xử chấp nhận kháng nghị của VKS | B84: 74
A85: Tr đó: + Số vụ án bị Tòa án cấp phúc thẩm tuyên sửa bản án, quyết định sơ thẩm | B85: 75
A86: + Số vụ án bị Tòa án cấp phúc thẩm hủy bản án, quyết định | B86: 76
A87: Tr.đó:++ Số vụ án Tòa án hủy bản án, quyết định sơ thẩm để điều tra lại | B87: 77
A88: ++ Số vụ án Tòa án hủy bản án, quyết định sơ thẩm để xét xử lại | B88: 78
A89: ++ Số vụ án Tòa án hủy bản án, quyết định sơ thẩm và đình chỉ vụ án | B89: 79
... A102: Số bản kiến nghị của VKS với Tòa án yêu cầu khắc phục vi phạm trong hoạt động xét xử phúc thẩm được chấp nhận | B102: 92
A103: 3. Giải quyết theo thủ tục giám đốc thẩm
A104: Số vụ án mới thụ lý | B104: 93
A105: Số bị cáo mới thụ lý | B105: 94
A106: Tổng số vụ án Tòa án thụ lý giám đốc thẩm | B106: 95
A107: Tổng số bị cáo Tòa án thụ lý giám đốc thẩm | B107: 96
A108: Số vụ án Toà án đã giải quyết | B108: 97
A109: Trong đó: Số vụ án do VKS kháng nghị được Tòa án chấp nhận | B109: 98
A110: Số bị cáo Toà án đã giải quyết | B110: 99
A111: Số bị cáo VKS kháng nghị được Tòa án chấp nhận | B111: 100
A112: Trong đó:- Số bị cáo sửa bản án, quyết định | B112: 101
A113: - Số bị cáo Toà án huỷ bản án, quyết định | B113: 102
A114: Tr.đó:+ Số bị cáo Toà án huỷ bản án, quyết định để điều tra lại | B114: 103
A115: + Số bị cáo Toà án huỷ bản án, quyết định để xét xử sơ thẩm lại | B115: 104
... A120: Số bản kiến nghị của VKS với Toà án yêu cầu khắc phục vi phạm trong hoạt động xét xử giám đốc thẩm được chấp nhận | B120: 109
A121: 4. Giải quyết theo thủ tục tái thẩm
A122: Số vụ án mới thụ lý | B122: 110
A123: Số bị cáo mới thụ lý | B123: 111
A124: Tổng số vụ án Tòa án thụ lý tái thẩm | B124: 112
A125: Tổng số bị cáo Tòa án thụ lý tái thẩm | B125: 113
A126: Số vụ án Tòa án đã giải quyết | B126: 114
A127: Số vụ án kháng nghị của VKS được Tòa án chấp nhận | B127: 115
...

Sheet Tổ 4
A1: THỐNG KÊ HÌNH SỰ LIÊN NGÀNH Kỳ thống kê tháng …. năm 2026
A3: Tiêu chí | B3: Mã | C3: Số
B4: dòng | C4: liệu
A5: I. TIẾP NHẬN, GIẢI QUYẾT TỐ GIÁC, TIN BÁO VỀ TỘI PHẠM VÀ KIẾN NGHỊ KHỞI TỐ
A6: Số tố giác, tin báo về tội phạm, kiến nghị khởi tố mới nhận | B6: 1 | C6: 13
A7: Tổng số tố giác, tin báo về tội phạm, kiến nghị khởi tố phải giải quyết | B7: 2 | C7: 13
A8: Số tố giác, tin báo về tội phạm, kiến nghị khởi tố đã quyết định khởi tố vụ án hình sự | B8: 3 | C8: 2
A9: Số tố giác, tin báo về tội phạm, kiến nghị khởi tố quyết định không khởi tố vụ án hình sự | B9: 4 | C9: 1
A10: Số tố giác, tin báo về tội phạm, kiến nghị khởi tố tạm đình chỉ việc giải quyết trong kỳ thống kê | B10: 5 | C10: 0
A11: Tổng số tố giác, tin báo về tội phạm, kiến nghị khởi tố tạm đình chỉ giải quyết tính đến cuối kỳ thống kê | B11: 6 | C11: 315
A12: Số tố giác, tin báo về tội phạm, kiến nghị khởi tố cuối kỳ chưa giải quyết xong | B12: 7 | C12: 24
A13: Trong đó: Số tố giác, tin báo về tội phạm, kiến nghị khởi tố đã quá hạn | B13: 8 | C13: 0
A14: Số quyết định VKS hủy bỏ các lệnh, quyết định không có căn cứ và trái pháp luật của CQĐT, cơ quan được giao nhiệm vụ tiến hành một số hoạt động điều tra | B14: 9 | C14: 0
A15: Số bản kiến nghị của VKS ban hành kiến nghị CQĐT, cơ quan được giao nhiệm vụ tiến hành một số hoạt động điều tra được chấp nhận | B15: 10 | C15: 0
A16: II. KHỞI TỐ, ĐIỀU TRA VÀ KIỂM SÁT ĐIỀU TRA CÁC VỤ ÁN HÌNH SỰ
A17: Số vụ án mới khởi tố | B17: 11 | C17: 7
A18: Số bị can mới khởi tố | B18: 12 | C18: 3
A19: Tổng số vụ án thụ lý điều tra | B19: 13 | C19: 116
A20: Tổng số bị can thụ lý điều tra | B20: 14 | C20: 93
A21: Số vụ án đề nghị truy tố | B21: 15 | C21: 21
A22: Số bị can đề nghị truy tố | B22: 16 | C22: 62
A23: Số vụ án CQĐT đình chỉ điều tra | B23: 17 | C23: 493
A24: Số bị can CQĐT đình chỉ điều tra | B24: 18 | C24: 0
A25: Trong đó: - Số bị can đình chỉ điều tra do không có sự việc phạm tội (theo K1 Đ157 BLTTHS) - (không tính trường hợp đình chỉ do bị can bị tâm thần). | B25: 19 | C25: 0
A26: - Số bị can đình chỉ điều tra do hành vi không cấu thành tội phạm (theo K2 Đ157 BLTTHS) - (không tính trường hợp đình chỉ do bị can bị tâm thần). | B26: 20 | C26: 0
A27: - Số bị can đình chỉ vì hết thời hạn điều tra mà không chứng minh được bị can đã thực hiện tội phạm (theo điểm b K1 Đ230 BLTTHS) | B27: 21 | C27: 0
A28: - Số bị can đình chỉ do được miễn trách nhiệm hình sự theo K1 Đ29 BLHS | B28: 22 | C28: 0
... A37: Số bản kiến nghị của VKS ban hành kiến nghị CQĐT, cơ quan được giao nhiệm vụ tiến hành một số hoạt động điều tra được chấp nhận | B37: 31 | C37: 0
A38: III. QUYẾT ĐỊNH VIỆC TRUY TỐ
A39: Số vụ án mới thụ lý | B39: 32
A40: Số bị can mới thụ lý | B40: 33
A41: Tổng số vụ án VKS thụ lý giải quyết | B41: 34
A42: Tổng số bị can VKS thụ lý giải quyết | B42: 35
A43: Số vụ án truy tố | B43: 36
A44: Số bị can truy tố | B44: 37
A45: Số vụ án VKS quyết định không truy tố và ra quyết định đình chỉ | B45: 38
A46: Trong đó: Số vụ án Toà án trả hồ sơ cho VKS để điều tra bổ sung nhưng sau đó đình chỉ | B46: 39
A47: Số bị can VKS quyết định không truy tố và ra quyết định đình chỉ vụ án đối với bị can | B47: 40
A48: Trong đó: - Số bị can đình chỉ điều tra do không có sự việc phạm tội (theo K1 Đ157 BLTTHS) | B48: 41
A49: - Số bị can đình chỉ điều tra do hành vi không cấu thành tội phạm (theo K2 Đ157 BLTTHS) | B49: 42
A50: - Số bị can đình chỉ do được miễn trách nhiệm hình sự theo K1 Đ29 BLHS | B50: 43
... A59: Số quyết định VKS hủy bỏ quyết định của CQĐT do không có căn cứ và trái pháp luật của CQĐT | B59: 52
A60: IV. XÉT XỬ
A61: 1. Xét xử sơ thẩm
A62: Số vụ án mới thụ lý xét xử sơ thẩm | B62: 53
A63: Số bị cáo mới thụ lý xét xử sơ thẩm | B63: 54
A64: Tổng số vụ án Tòa án thụ lý xét xử sơ thẩm | B64: 55
A65: Tổng số bị cáo Tòa án thụ lý xét xử sơ thẩm | B65: 56
A66: Số vụ án đã xét xử sơ thẩm | B66: 57
A67: Số bị cáo đã xét xử sơ thẩm | B67: 58
A68: Trong đó: Số bị cáo Toà án sơ thẩm tuyên không phạm tội | B68: 59
A69: Tổng số vụ án Toà án tạm đình chỉ tính đến cuối kỳ thống kê | B69: 60
A70: Tổng số bị cáo Toà án tạm đình chỉ tính đến cuối kỳ thống kê | B70: 61
A71: Số vụ án còn lại chưa giải quyết | B71: 62
A72: Trong đó: Số vụ án còn lại chưa giải quyết đã quá hạn luật định | B72: 63
A73: Số bị cáo còn lại chưa giải quyết | B73: 64
... A76: Số bản kiến nghị của VKS với Toà án yêu cầu khắc phục vi phạm trong hoạt động xét xử sơ thẩm được chấp nhận | B76: 67
A77: 2. Xét xử phúc thẩm
A78: Số vụ án mới thụ lý xét xử phúc thẩm | B78: 68
A79: Số bị cáo mới thụ lý xét xử phúc thẩm | B79: 69
A80: Tổng số vụ án Tòa án thụ lý xét xử phúc thẩm | B80: 70
A81: Tổng số bị cáo Tòa án thụ lý xét xử phúc thẩm | B81: 71
A82: Số vụ án đã xét xử phúc thẩm | B82: 72
A83: Trong đó: - Số vụ án do VKS kháng nghị | B83: 73
A84: - Số vụ án Tòa án xử chấp nhận kháng nghị của VKS | B84: 74
A85: Tr đó: + Số vụ án bị Tòa án cấp phúc thẩm tuyên sửa bản án, quyết định sơ thẩm | B85: 75
A86: + Số vụ án bị Tòa án cấp phúc thẩm hủy bản án, quyết định | B86: 76
A87: Tr.đó:++ Số vụ án Tòa án hủy bản án, quyết định sơ thẩm để điều tra lại | B87: 77
A88: ++ Số vụ án Tòa án hủy bản án, quyết định sơ thẩm để xét xử lại | B88: 78
A89: ++ Số vụ án Tòa án hủy bản án, quyết định sơ thẩm và đình chỉ vụ án | B89: 79
... A102: Số bản kiến nghị của VKS với Tòa án yêu cầu khắc phục vi phạm trong hoạt động xét xử phúc thẩm được chấp nhận | B102: 92
A103: 3. Giải quyết theo thủ tục giám đốc thẩm
A104: Số vụ án mới thụ lý | B104: 93
A105: Số bị cáo mới thụ lý | B105: 94
A106: Tổng số vụ án Tòa án thụ lý giám đốc thẩm | B106: 95
A107: Tổng số bị cáo Tòa án thụ lý giám đốc thẩm | B107: 96
A108: Số vụ án Toà án đã giải quyết | B108: 97
A109: Trong đó: Số vụ án do VKS kháng nghị được Tòa án chấp nhận | B109: 98
A110: Số bị cáo Toà án đã giải quyết | B110: 99
A111: Số bị cáo VKS kháng nghị được Tòa án chấp nhận | B111: 100
A112: Trong đó:- Số bị cáo sửa bản án, quyết định | B112: 101
A113: - Số bị cáo Toà án huỷ bản án, quyết định | B113: 102
A114: Tr.đó:+ Số bị cáo Toà án huỷ bản án, quyết định để điều tra lại | B114: 103
A115: + Số bị cáo Toà án huỷ bản án, quyết định để xét xử sơ thẩm lại | B115: 104
... A120: Số bản kiến nghị của VKS với Toà án yêu cầu khắc phục vi phạm trong hoạt động xét xử giám đốc thẩm được chấp nhận | B120: 109
A121: 4. Giải quyết theo thủ tục tái thẩm
A122: Số vụ án mới thụ lý | B122: 110
A123: Số bị cáo mới thụ lý | B123: 111
A124: Tổng số vụ án Tòa án thụ lý tái thẩm | B124: 112
A125: Tổng số bị cáo Tòa án thụ lý tái thẩm | B125: 113
A126: Số vụ án Tòa án đã giải quyết | B126: 114
A127: Số vụ án kháng nghị của VKS được Tòa án chấp nhận | B127: 115
A128: Số bị cáo Toà án đã giải quyết | B128: 116
A129: Số bị cáo kháng nghị của VKS được Tòa án chấp nhận | B129: 117
A130: Trong đó:+ Số bị cáo Toà án huỷ bản án, quyết định để điều tra lại | B130: 118
A131: + Số bị cáo Toà án huỷ bản án, quyết định để xét xử lại | B131: 119
A132: + Số bị cáo Toà án huỷ bản án, quyết định và đình chỉ vụ án | B132: 120
A133: Số vụ án còn lại cuối kỳ chưa giải quyết tái thẩm | B133: 121
... A135: Số bản kiến nghị của VKS với Toà án yêu cầu khắc phục vi phạm trong hoạt động tái thẩm được chấp nhận | B135: 123
A136: V. Tạm giữ, tạm giam và thi hành án hình sự
...

Sheet Tổ 5
A1: THỐNG KÊ HÌNH SỰ LIÊN NGÀNH Kỳ thống kê tháng …. năm 2026
A3: Tiêu chí | B3: Mã | C3: Số
B4: dòng | C4: liệu
A5: I. TIẾP NHẬN, GIẢI QUYẾT TỐ GIÁC, TIN BÁO VỀ TỘI PHẠM VÀ KIẾN NGHỊ KHỞI TỐ
A6: Số tố giác, tin báo về tội phạm, kiến nghị khởi tố mới nhận | B6: 1 | C6: 7
A7: Tổng số tố giác, tin báo về tội phạm, kiến nghị khởi tố phải giải quyết | B7: 2 | C7: 26
A8: Số tố giác, tin báo về tội phạm, kiến nghị khởi tố đã quyết định khởi tố vụ án hình sự | B8: 3 | C8: 10
A9: Số tố giác, tin báo về tội phạm, kiến nghị khởi tố quyết định không khởi tố vụ án hình sự | B9: 4 | C9: 1
A10: Số tố giác, tin báo về tội phạm, kiến nghị khởi tố tạm đình chỉ việc giải quyết trong kỳ thống kê | B10: 5 | C10: 4
A11: Tổng số tố giác, tin báo về tội phạm, kiến nghị khởi tố tạm đình chỉ giải quyết tính đến cuối kỳ thống kê | B11: 6 | C11: 66
A12: Số tố giác, tin báo về tội phạm, kiến nghị khởi tố cuối kỳ chưa giải quyết xong | B12: 7 | C12: 11
A13: Trong đó: Số tố giác, tin báo về tội phạm, kiến nghị khởi tố đã quá hạn | B13: 8 | C13: 0
A14: Số quyết định VKS hủy bỏ các lệnh, quyết định không có căn cứ và trái pháp luật của CQĐT, cơ quan được giao nhiệm vụ tiến hành một số hoạt động điều tra | B14: 9 | C14: 0
A15: Số bản kiến nghị của VKS ban hành kiến nghị CQĐT, cơ quan được giao nhiệm vụ tiến hành một số hoạt động điều tra được chấp nhận | B15: 10 | C15: 0
A16: II. KHỞI TỐ, ĐIỀU TRA VÀ KIỂM SÁT ĐIỀU TRA CÁC VỤ ÁN HÌNH SỰ
A17: Số vụ án mới khởi tố | B17: 11 | C17: 4
A18: Số bị can mới khởi tố | B18: 12 | C18: 7
A19: Tổng số vụ án thụ lý điều tra | B19: 13 | C19: 88
A20: Tổng số bị can thụ lý điều tra | B20: 14 | C20: 159
A21: Số vụ án đề nghị truy tố | B21: 15 | C21: 6
A22: Số bị can đề nghị truy tố | B22: 16 | C22: 9
A23: Số vụ án CQĐT đình chỉ điều tra | B23: 17 | C23: 0
A24: Số bị can CQĐT đình chỉ điều tra | B24: 18 | C24: 0
A25: Trong đó: - Số bị can đình chỉ điều tra do không có sự việc phạm tội (theo K1 Đ157 BLTTHS) - (không tính trường hợp đình chỉ do bị can bị tâm thần). | B25: 19 | C25: 0
A26: - Số bị can đình chỉ điều tra do hành vi không cấu thành tội phạm (theo K2 Đ157 BLTTHS) - (không tính trường hợp đình chỉ do bị can bị tâm thần). | B26: 20 | C26: 0
A27: - Số bị can đình chỉ vì hết thời hạn điều tra mà không chứng minh được bị can đã thực hiện tội phạm (theo điểm b K1 Đ230 BLTTHS) | B27: 21 | C27: 0
A28: - Số bị can đình chỉ do được miễn trách nhiệm hình sự theo K1 Đ29 BLHS | B28: 22 | C28: 0
... A37: Số bản kiến nghị của VKS ban hành kiến nghị CQĐT, cơ quan được giao nhiệm vụ tiến hành một số hoạt động điều tra được chấp nhận | B37: 31 | C37: 0
A38: III. QUYẾT ĐỊNH VIỆC TRUY TỐ
A39: Số vụ án mới thụ lý | B39: 32
A40: Số bị can mới thụ lý | B40: 33
A41: Tổng số vụ án VKS thụ lý giải quyết | B41: 34
A42: Tổng số bị can VKS thụ lý giải quyết | B42: 35
A43: Số vụ án truy tố | B43: 36
A44: Số bị can truy tố | B44: 37
A45: Số vụ án VKS quyết định không truy tố và ra quyết định đình chỉ | B45: 38
A46: Trong đó: Số vụ án Toà án trả hồ sơ cho VKS để điều tra bổ sung nhưng sau đó đình chỉ | B46: 39
A47: Số bị can VKS quyết định không truy tố và ra quyết định đình chỉ vụ án đối với bị can | B47: 40
A48: Trong đó: - Số bị can đình chỉ điều tra do không có sự việc phạm tội (theo K1 Đ157 BLTTHS) | B48: 41
A49: - Số bị can đình chỉ điều tra do hành vi không cấu thành tội phạm (theo K2 Đ157 BLTTHS) | B49: 42
A50: - Số bị can đình chỉ do được miễn trách nhiệm hình sự theo K1 Đ29 BLHS | B50: 43
... A59: Số quyết định VKS hủy bỏ quyết định của CQĐT do không có căn cứ và trái pháp luật của CQĐT | B59: 52
A60: IV. XÉT XỬ
A61: 1. Xét xử sơ thẩm
A62: Số vụ án mới thụ lý xét xử sơ thẩm | B62: 53
A63: Số bị cáo mới thụ lý xét xử sơ thẩm | B63: 54
A64: Tổng số vụ án Tòa án thụ lý xét xử sơ thẩm | B64: 55
A65: Tổng số bị cáo Tòa án thụ lý xét xử sơ thẩm | B65: 56
A66: Số vụ án đã xét xử sơ thẩm | B66: 57
A67: Số bị cáo đã xét xử sơ thẩm | B67: 58
A68: Trong đó: Số bị cáo Toà án sơ thẩm tuyên không phạm tội | B68: 59
A69: Tổng số vụ án Toà án tạm đình chỉ tính đến cuối kỳ thống kê | B69: 60
A70: Tổng số bị cáo Toà án tạm đình chỉ tính đến cuối kỳ thống kê | B70: 61
A71: Số vụ án còn lại chưa giải quyết | B71: 62
A72: Trong đó: Số vụ án còn lại chưa giải quyết đã quá hạn luật định | B72: 63
A73: Số bị cáo còn lại chưa giải quyết | B73: 64
... A76: Số bản kiến nghị của VKS với Toà án yêu cầu khắc phục vi phạm trong hoạt động xét xử sơ thẩm được chấp nhận | B76: 67
A77: 2. Xét xử phúc thẩm
A78: Số vụ án mới thụ lý xét xử phúc thẩm | B78: 68
A79: Số bị cáo mới thụ lý xét xử phúc thẩm | B79: 69
A80: Tổng số vụ án Tòa án thụ lý xét xử phúc thẩm | B80: 70
A81: Tổng số bị cáo Tòa án thụ lý xét xử phúc thẩm | B81: 71
A82: Số vụ án đã xét xử phúc thẩm | B82: 72
A83: Trong đó: - Số vụ án do VKS kháng nghị | B83: 73
A84: - Số vụ án Tòa án xử chấp nhận kháng nghị của VKS | B84: 74
A85: Tr đó: + Số vụ án bị Tòa án cấp phúc thẩm tuyên sửa bản án, quyết định sơ thẩm | B85: 75
A86: + Số vụ án bị Tòa án cấp phúc thẩm hủy bản án, quyết định | B86: 76
A87: Tr.đó:++ Số vụ án Tòa án hủy bản án, quyết định sơ thẩm để điều tra lại | B87: 77
A88: ++ Số vụ án Tòa án hủy bản án, quyết định sơ thẩm để xét xử lại | B88: 78
A89: ++ Số vụ án Tòa án hủy bản án, quyết định sơ thẩm và đình chỉ vụ án | B89: 79
... A102: Số bản kiến nghị của VKS với Tòa án yêu cầu khắc phục vi phạm trong hoạt động xét xử phúc thẩm được chấp nhận | B102: 92
A103: 3. Giải quyết theo thủ tục giám đốc thẩm
A104: Số vụ án mới thụ lý | B104: 93
A105: Số bị cáo mới thụ lý | B105: 94
A106: Tổng số vụ án Tòa án thụ lý giám đốc thẩm | B106: 95
A107: Tổng số bị cáo Tòa án thụ lý giám đốc thẩm | B107: 96
A108: Số vụ án Toà án đã giải quyết | B108: 97
A109: Trong đó: Số vụ án do VKS kháng nghị được Tòa án chấp nhận | B109: 98
A110: Số bị cáo Toà án đã giải quyết | B110: 99
A111: Số bị cáo VKS kháng nghị được Tòa án chấp nhận | B111: 100
A112: Trong đó:- Số bị cáo sửa bản án, quyết định | B112: 101
A113: - Số bị cáo Toà án huỷ bản án, quyết định | B113: 102
A114: Tr.đó:+ Số bị cáo Toà án huỷ bản án, quyết định để điều tra lại | B114: 103
A115: + Số bị cáo Toà án huỷ bản án, quyết định để xét xử sơ thẩm lại | B115: 104
... A120: Số bản kiến nghị của VKS với Toà án yêu cầu khắc phục vi phạm trong hoạt động xét xử giám đốc thẩm được chấp nhận | B120: 109
A121: 4. Giải quyết theo thủ tục tái thẩm
A122: Số vụ án mới thụ lý | B122: 110
A123: Số bị cáo mới thụ lý | B123: 111
A124: Tổng số vụ án Tòa án thụ lý tái thẩm | B124: 112
A125: Tổng số bị cáo Tòa án thụ lý tái thẩm | B125: 113
A126: Số vụ án Tòa án đã giải quyết | B126: 114
A127: Số vụ án kháng nghị của VKS được Tòa án chấp nhận | B127: 115
A128: Số bị cáo Toà án đã giải quyết | B128: 116
A129: Số bị cáo kháng nghị của VKS được Tòa án chấp nhận | B129: 117
A130: Trong đó:+ Số bị cáo Toà án huỷ bản án, quyết định để điều tra lại | B130: 118
A131: + Số bị cáo Toà án huỷ bản án, quyết định để xét xử lại | B131: 119
A132: + Số bị cáo Toà án huỷ bản án, quyết định và đình chỉ vụ án | B132: 120
A133: Số vụ án còn lại cuối kỳ chưa giải quyết tái thẩm | B133: 121
... A135: Số bản kiến nghị của VKS với Toà án yêu cầu khắc phục vi phạm trong hoạt động tái thẩm được chấp nhận | B135: 123
A136: V. Tạm giữ, tạm giam và thi hành án hình sự
...

Sheet Tổ 6
A1: THỐNG KÊ HÌNH SỰ LIÊN NGÀNH Kỳ thống kê tháng …. năm 2026
A3: Tiêu chí | B3: Mã | C3: Số
B4: dòng | C4: liệu
A5: I. TIẾP NHẬN, GIẢI QUYẾT TỐ GIÁC, TIN BÁO VỀ TỘI PHẠM VÀ KIẾN NGHỊ KHỞI TỐ
A6: Số tố giác, tin báo về tội phạm, kiến nghị khởi tố mới nhận | B6: 1 | C6: 9
A7: Tổng số tố giác, tin báo về tội phạm, kiến nghị khởi tố phải giải quyết | B7: 2 | C7: 23
A8: Số tố giác, tin báo về tội phạm, kiến nghị khởi tố đã quyết định khởi tố vụ án hình sự | B8: 3 | C8: 1
A9: Số tố giác, tin báo về tội phạm, kiến nghị khởi tố quyết định không khởi tố vụ án hình sự | B9: 4 | C9: 0
A10: Số tố giác, tin báo về tội phạm, kiến nghị khởi tố tạm đình chỉ việc giải quyết trong kỳ thống kê | B10: 5 | C10: 2
A11: Tổng số tố giác, tin báo về tội phạm, kiến nghị khởi tố tạm đình chỉ giải quyết tính đến cuối kỳ thống kê | B11: 6 | C11: 97
A12: Số tố giác, tin báo về tội phạm, kiến nghị khởi tố cuối kỳ chưa giải quyết xong | B12: 7 | C12: 20
A13: Trong đó: Số tố giác, tin báo về tội phạm, kiến nghị khởi tố đã quá hạn | B13: 8 | C13: 0
A14: Số quyết định VKS hủy bỏ các lệnh, quyết định không có căn cứ và trái pháp luật của CQĐT, cơ quan được giao nhiệm vụ tiến hành một số hoạt động điều tra | B14: 9 | C14: 0
A15: Số bản kiến nghị của VKS ban hành kiến nghị CQĐT, cơ quan được giao nhiệm vụ tiến hành một số hoạt động điều tra được chấp nhận | B15: 10 | C15: 0
A16: II. KHỞI TỐ, ĐIỀU TRA VÀ KIỂM SÁT ĐIỀU TRA CÁC VỤ ÁN HÌNH SỰ
A17: Số vụ án mới khởi tố | B17: 11 | C17: 6
A18: Số bị can mới khởi tố | B18: 12 | C18: 23
A19: Tổng số vụ án thụ lý điều tra | B19: 13 | C19: 92
A20: Tổng số bị can thụ lý điều tra | B20: 14 | C20: 126
A21: Số vụ án đề nghị truy tố | B21: 15 | C21: 1
A22: Số bị can đề nghị truy tố | B22: 16 | C22: 3
A23: Số vụ án CQĐT đình chỉ điều tra | B23: 17 | C23: 0
A24: Số bị can CQĐT đình chỉ điều tra | B24: 18 | C24: 0
A25: Trong đó: - Số bị can đình chỉ điều tra do không có sự việc phạm tội (theo K1 Đ157 BLTTHS) - (không tính trường hợp đình chỉ do bị can bị tâm thần). | B25: 19 | C25: 0
A26: - Số bị can đình chỉ điều tra do hành vi không cấu thành tội phạm (theo K2 Đ157 BLTTHS) - (không tính trường hợp đình chỉ do bị can bị tâm thần). | B26: 20 | C26: 0
A27: - Số bị can đình chỉ vì hết thời hạn điều tra mà không chứng minh được bị can đã thực hiện tội phạm (theo điểm b K1 Đ230 BLTTHS) | B27: 21 | C27: 0
A28: - Số bị can đình chỉ do được miễn trách nhiệm hình sự theo K1 Đ29 BLHS | B28: 22 | C28: 0
... A37: Số bản kiến nghị của VKS ban hành kiến nghị CQĐT, cơ quan được giao nhiệm vụ tiến hành một số hoạt động điều tra được chấp nhận | B37: 31 | C37: 0
A38: III. QUYẾT ĐỊNH VIỆC TRUY TỐ
A39: Số vụ án mới thụ lý | B39: 32
A40: Số bị can mới thụ lý | B40: 33
A41: Tổng số vụ án VKS thụ lý giải quyết | B41: 34
A42: Tổng số bị can VKS thụ lý giải quyết | B42: 35
A43: Số vụ án truy tố | B43: 36
A44: Số bị can truy tố | B44: 37
A45: Số vụ án VKS quyết định không truy tố và ra quyết định đình chỉ | B45: 38
A46: Trong đó: Số vụ án Toà án trả hồ sơ cho VKS để điều tra bổ sung nhưng sau đó đình chỉ | B46: 39
A47: Số bị can VKS quyết định không truy tố và ra quyết định đình chỉ vụ án đối với bị can | B47: 40
A48: Trong đó: - Số bị can đình chỉ điều tra do không có sự việc phạm tội (theo K1 Đ157 BLTTHS) | B48: 41
A49: - Số bị can đình chỉ điều tra do hành vi không cấu thành tội phạm (theo K2 Đ157 BLTTHS) | B49: 42
A50: - Số bị can đình chỉ do được miễn trách nhiệm hình sự theo K1 Đ29 BLHS | B50: 43
... A59: Số quyết định VKS hủy bỏ quyết định của CQĐT do không có căn cứ và trái pháp luật của CQĐT | B59: 52
A60: IV. XÉT XỬ
A61: 1. Xét xử sơ thẩm
A62: Số vụ án mới thụ lý xét xử sơ thẩm | B62: 53
A63: Số bị cáo mới thụ lý xét xử sơ thẩm | B63: 54
A64: Tổng số vụ án Tòa án thụ lý xét xử sơ thẩm | B64: 55
A65: Tổng số bị cáo Tòa án thụ lý xét xử sơ thẩm | B65: 56
A66: Số vụ án đã xét xử sơ thẩm | B66: 57
A67: Số bị cáo đã xét xử sơ thẩm | B67: 58
A68: Trong đó: Số bị cáo Toà án sơ thẩm tuyên không phạm tội | B68: 59
A69: Tổng số vụ án Toà án tạm đình chỉ tính đến cuối kỳ thống kê | B69: 60
A70: Tổng số bị cáo Toà án tạm đình chỉ tính đến cuối kỳ thống kê | B70: 61
A71: Số vụ án còn lại chưa giải quyết | B71: 62
A72: Trong đó: Số vụ án còn lại chưa giải quyết đã quá hạn luật định | B72: 63
A73: Số bị cáo còn lại chưa giải quyết | B73: 64
... A76: Số bản kiến nghị của VKS với Toà án yêu cầu khắc phục vi phạm trong hoạt động xét xử sơ thẩm được chấp nhận | B76: 67
A77: 2. Xét xử phúc thẩm
A78: Số vụ án mới thụ lý xét xử phúc thẩm | B78: 68
A79: Số bị cáo mới thụ lý xét xử phúc thẩm | B79: 69
A80: Tổng số vụ án Tòa án thụ lý xét xử phúc thẩm | B80: 70
A81: Tổng số bị cáo Tòa án thụ lý xét xử phúc thẩm | B81: 71
A82: Số vụ án đã xét xử phúc thẩm | B82: 72
A83: Trong đó: - Số vụ án do VKS kháng nghị | B83: 73
A84: - Số vụ án Tòa án xử chấp nhận kháng nghị của VKS | B84: 74
A85: Tr đó: + Số vụ án bị Tòa án cấp phúc thẩm tuyên sửa bản án, quyết định sơ thẩm | B85: 75
A86: + Số vụ án bị Tòa án cấp phúc thẩm hủy bản án, quyết định | B86: 76
A87: Tr.đó:++ Số vụ án Tòa án hủy bản án, quyết định sơ thẩm để điều tra lại | B87: 77
A88: ++ Số vụ án Tòa án hủy bản án, quyết định sơ thẩm để xét xử lại | B88: 78
A89: ++ Số vụ án Tòa án hủy bản án, quyết định sơ thẩm và đình chỉ vụ án | B89: 79
... A102: Số bản kiến nghị của VKS với Tòa án yêu cầu khắc phục vi phạm trong hoạt động xét xử phúc thẩm được chấp nhận | B102: 92
A103: 3. Giải quyết theo thủ tục giám đốc thẩm
A104: Số vụ án mới thụ lý | B104: 93
A105: Số bị cáo mới thụ lý | B105: 94
A106: Tổng số vụ án Tòa án thụ lý giám đốc thẩm | B106: 95
A107: Tổng số bị cáo Tòa án thụ lý giám đốc thẩm | B107: 96
A108: Số vụ án Toà án đã giải quyết | B108: 97
A109: Trong đó: Số vụ án do VKS kháng nghị được Tòa án chấp nhận | B109: 98
A110: Số bị cáo Toà án đã giải quyết | B110: 99
A111: Số bị cáo VKS kháng nghị được Tòa án chấp nhận | B111: 100
A112: Trong đó:- Số bị cáo sửa bản án, quyết định | B112: 101
A113: - Số bị cáo Toà án huỷ bản án, quyết định | B113: 102
A114: Tr.đó:+ Số bị cáo Toà án huỷ bản án, quyết định để điều tra lại | B114: 103
A115: + Số bị cáo Toà án huỷ bản án, quyết định để xét xử sơ thẩm lại | B115: 104
... A120: Số bản kiến nghị của VKS với Toà án yêu cầu khắc phục vi phạm trong hoạt động xét xử giám đốc thẩm được chấp nhận | B120: 109
A121: 4. Giải quyết theo thủ tục tái thẩm
A122: Số vụ án mới thụ lý | B122: 110
A123: Số bị cáo mới thụ lý | B123: 111
A124: Tổng số vụ án Tòa án thụ lý tái thẩm | B124: 112
A125: Tổng số bị cáo Tòa án thụ lý tái thẩm | B125: 113
A126: Số vụ án Tòa án đã giải quyết | B126: 114
A127: Số vụ án kháng nghị của VKS được Tòa án chấp nhận | B127: 115
A128: Số bị cáo Toà án đã giải quyết | B128: 116
A129: Số bị cáo kháng nghị của VKS được Tòa án chấp nhận | B129: 117
A130: Trong đó:+ Số bị cáo Toà án huỷ bản án, quyết định để điều tra lại | B130: 118
A131: + Số bị cáo Toà án huỷ bản án, quyết định để xét xử lại | B131: 119
A132: + Số bị cáo Toà án huỷ bản án, quyết định và đình chỉ vụ án | B132: 120
A133: Số vụ án còn lại cuối kỳ chưa giải quyết tái thẩm | B133: 121
... A135: Số bản kiến nghị của VKS với Toà án yêu cầu khắc phục vi phạm trong hoạt động tái thẩm được chấp nhận | B135: 123
A136: V. Tạm giữ, tạm giam và thi hành án hình sự
...

Sheet Tổ 7
A1: THỐNG KÊ HÌNH SỰ LIÊN NGÀNH Kỳ thống kê tháng …. năm 2026
A3: Tiêu chí | B3: Mã | C3: Số
B4: dòng | C4: liệu
A5: I. TIẾP NHẬN, GIẢI QUYẾT TỐ GIÁC, TIN BÁO VỀ TỘI PHẠM VÀ KIẾN NGHỊ KHỞI TỐ
A6: Số tố giác, tin báo về tội phạm, kiến nghị khởi tố mới nhận | B6: 1 | C6: 14
A7: Tổng số tố giác, tin báo về tội phạm, kiến nghị khởi tố phải giải quyết | B7: 2 | C7: 60
A8: Số tố giác, tin báo về tội phạm, kiến nghị khởi tố đã quyết định khởi tố vụ án hình sự | B8: 3 | C8: 22
A9: Số tố giác, tin báo về tội phạm, kiến nghị khởi tố quyết định không khởi tố vụ án hình sự | B9: 4 | C9: 3
A10: Số tố giác, tin báo về tội phạm, kiến nghị khởi tố tạm đình chỉ việc giải quyết trong kỳ thống kê | B10: 5 | C10: 2
A11: Tổng số tố giác, tin báo về tội phạm, kiến nghị khởi tố tạm đình chỉ giải quyết tính đến cuối kỳ thống kê | B11: 6 | C11: 27
A12: Số tố giác, tin báo về tội phạm, kiến nghị khởi tố cuối kỳ chưa giải quyết xong | B12: 7 | C12: 33
A13: Trong đó: Số tố giác, tin báo về tội phạm, kiến nghị khởi tố đã quá hạn | B13: 8 | C13: 0
A14: Số quyết định VKS hủy bỏ các lệnh, quyết định không có căn cứ và trái pháp luật của CQĐT, cơ quan được giao nhiệm vụ tiến hành một số hoạt động điều tra | B14: 9 | C14: 0
A15: Số bản kiến nghị của VKS ban hành kiến nghị CQĐT, cơ quan được giao nhiệm vụ tiến hành một số hoạt động điều tra được chấp nhận | B15: 10 | C15: 0
A16: II. KHỞI TỐ, ĐIỀU TRA VÀ KIỂM SÁT ĐIỀU TRA CÁC VỤ ÁN HÌNH SỰ
A17: Số vụ án mới khởi tố | B17: 11 | C17: 20
A18: Số bị can mới khởi tố | B18: 12 | C18: 4
A19: Tổng số vụ án thụ lý điều tra | B19: 13 | C19: 244
A20: Tổng số bị can thụ lý điều tra | B20: 14 | C20: 61
A21: Số vụ án đề nghị truy tố | B21: 15 | C21: 4
A22: Số bị can đề nghị truy tố | B22: 16 | C22: 4
A23: Số vụ án CQĐT đình chỉ điều tra | B23: 17
A24: Số bị can CQĐT đình chỉ điều tra | B24: 18
A25: Trong đó: - Số bị can đình chỉ điều tra do không có sự việc phạm tội (theo K1 Đ157 BLTTHS) - (không tính trường hợp đình chỉ do bị can bị tâm thần). | B25: 19
A26: - Số bị can đình chỉ điều tra do hành vi không cấu thành tội phạm (theo K2 Đ157 BLTTHS) - (không tính trường hợp đình chỉ do bị can bị tâm thần). | B26: 20
A27: - Số bị can đình chỉ vì hết thời hạn điều tra mà không chứng minh được bị can đã thực hiện tội phạm (theo điểm b K1 Đ230 BLTTHS) | B27: 21
A28: - Số bị can đình chỉ do được miễn trách nhiệm hình sự theo K1 Đ29 BLHS | B28: 22
A29: - Số bị can đình chỉ do được miễn trách nhiệm hình sự theo K2 Đ29 BLHS | B29: 23
A30: - Số bị can đình chỉ điều tra do được miễn trách nhiệm hình sự theo K3 Đ29 BLHS | B30: 24
A31: Tổng số vụ án CQĐT ra quyết định tạm đình chỉ điều tra còn lại tính đến cuối kỳ thống kê | B31: 25 | C31: 1042
A32: Tổng số bị can CQĐT ra quyết định tạm đình chỉ điều tra còn lại tính đến cuối kỳ thống kê | B32: 26 | C32: 15
A33: Số vụ án còn lại chưa kết thúc điều tra | B33: 27 | C33: 215
A34: Trong đó:Số vụ án chưa kết thúc điều tra đã quá thời hạn luật định | B34: 28 | C34: 0
A35: Số bị can còn lại chưa kết thúc điều tra | B35: 29 | C35: 57
A36: Số quyết định VKS hủy bỏ các lệnh, quyết định không có căn cứ và trái pháp luật của CQĐT, cơ quan được giao nhiệm vụ tiến hành một số hoạt động điều tra | B36: 30 | C36: 0
A37: Số bản kiến nghị của VKS ban hành kiến nghị CQĐT, cơ quan được giao nhiệm vụ tiến hành một số hoạt động điều tra được chấp nhận | B37: 31 | C37: 0
A38: III. QUYẾT ĐỊNH VIỆC TRUY TỐ
A39: Số vụ án mới thụ lý | B39: 32
A40: Số bị can mới thụ lý | B40: 33
A41: Tổng số vụ án VKS thụ lý giải quyết | B41: 34
A42: Tổng số bị can VKS thụ lý giải quyết | B42: 35
A43: Số vụ án truy tố | B43: 36
A44: Số bị can truy tố | B44: 37
A45: Số vụ án VKS quyết định không truy tố và ra quyết định đình chỉ | B45: 38
A46: Trong đó: Số vụ án Toà án trả hồ sơ cho VKS để điều tra bổ sung nhưng sau đó đình chỉ | B46: 39
A47: Số bị can VKS quyết định không truy tố và ra quyết định đình chỉ vụ án đối với bị can | B47: 40
A48: Trong đó: - Số bị can đình chỉ điều tra do không có sự việc phạm tội (theo K1 Đ157 BLTTHS) | B48: 41
A49: - Số bị can đình chỉ điều tra do hành vi không cấu thành tội phạm (theo K2 Đ157 BLTTHS) | B49: 42
A50: - Số bị can đình chỉ do được miễn trách nhiệm hình sự theo K1 Đ29 BLHS | B50: 43
... A59: Số quyết định VKS hủy bỏ quyết định của CQĐT do không có căn cứ và trái pháp luật của CQĐT | B59: 52
A60: IV. XÉT XỬ
A61: 1. Xét xử sơ thẩm
A62: Số vụ án mới thụ lý xét xử sơ thẩm | B62: 53
A63: Số bị cáo mới thụ lý xét xử sơ thẩm | B63: 54
A64: Tổng số vụ án Tòa án thụ lý xét xử sơ thẩm | B64: 55
A65: Tổng số bị cáo Tòa án thụ lý xét xử sơ thẩm | B65: 56
A66: Số vụ án đã xét xử sơ thẩm | B66: 57
A67: Số bị cáo đã xét xử sơ thẩm | B67: 58
A68: Trong đó: Số bị cáo Toà án sơ thẩm tuyên không phạm tội | B68: 59
A69: Tổng số vụ án Toà án tạm đình chỉ tính đến cuối kỳ thống kê | B69: 60
A70: Tổng số bị cáo Toà án tạm đình chỉ tính đến cuối kỳ thống kê | B70: 61
A71: Số vụ án còn lại chưa giải quyết | B71: 62
A72: Trong đó: Số vụ án còn lại chưa giải quyết đã quá hạn luật định | B72: 63
A73: Số bị cáo còn lại chưa giải quyết | B73: 64
... A76: Số bản kiến nghị của VKS với Toà án yêu cầu khắc phục vi phạm trong hoạt động xét xử sơ thẩm được chấp nhận | B76: 67
A77: 2. Xét xử phúc thẩm
A78: Số vụ án mới thụ lý xét xử phúc thẩm | B78: 68
A79: Số bị cáo mới thụ lý xét xử phúc thẩm | B79: 69
A80: Tổng số vụ án Tòa án thụ lý xét xử phúc thẩm | B80: 70
A81: Tổng số bị cáo Tòa án thụ lý xét xử phúc thẩm | B81: 71
A82: Số vụ án đã xét xử phúc thẩm | B82: 72
A83: Trong đó: - Số vụ án do VKS kháng nghị | B83: 73
A84: - Số vụ án Tòa án xử chấp nhận kháng nghị của VKS | B84: 74
A85: Tr đó: + Số vụ án bị Tòa án cấp phúc thẩm tuyên sửa bản án, quyết định sơ thẩm | B85: 75
A86: + Số vụ án bị Tòa án cấp phúc thẩm hủy bản án, quyết định | B86: 76
A87: Tr.đó:++ Số vụ án Tòa án hủy bản án, quyết định sơ thẩm để điều tra lại | B87: 77
A88: ++ Số vụ án Tòa án hủy bản án, quyết định sơ thẩm để xét xử lại | B88: 78
A89: ++ Số vụ án Tòa án hủy bản án, quyết định sơ thẩm và đình chỉ vụ án | B89: 79
... A102: Số bản kiến nghị của VKS với Tòa án yêu cầu khắc phục vi phạm trong hoạt động xét xử phúc thẩm được chấp nhận | B102: 92
A103: 3. Giải quyết theo thủ tục giám đốc thẩm
A104: Số vụ án mới thụ lý | B104: 93
A105: Số bị cáo mới thụ lý | B105: 94
A106: Tổng số vụ án Tòa án thụ lý giám đốc thẩm | B106: 95
A107: Tổng số bị cáo Tòa án thụ lý giám đốc thẩm | B107: 96
A108: Số vụ án Toà án đã giải quyết | B108: 97
A109: Trong đó: Số vụ án do VKS kháng nghị được Tòa án chấp nhận | B109: 98
A110: Số bị cáo Toà án đã giải quyết | B110: 99
A111: Số bị cáo VKS kháng nghị được Tòa án chấp nhận | B111: 100
A112: Trong đó:- Số bị cáo sửa bản án, quyết định | B112: 101
A113: - Số bị cáo Toà án huỷ bản án, quyết định | B113: 102
A114: Tr.đó:+ Số bị cáo Toà án huỷ bản án, quyết định để điều tra lại | B114: 103
A115: + Số bị cáo Toà án huỷ bản án, quyết định để xét xử sơ thẩm lại | B115: 104
... A120: Số bản kiến nghị của VKS với Toà án yêu cầu khắc phục vi phạm trong hoạt động xét xử giám đốc thẩm được chấp nhận | B120: 109
A121: 4. Giải quyết theo thủ tục tái thẩm
A122: Số vụ án mới thụ lý | B122: 110
A123: Số bị cáo mới thụ lý | B123: 111
A124: Tổng số vụ án Tòa án thụ lý tái thẩm | B124: 112
A125: Tổng số bị cáo Tòa án thụ lý tái thẩm | B125: 113
A126: Số vụ án Tòa án đã giải quyết | B126: 114
A127: Số vụ án kháng nghị của VKS được Tòa án chấp nhận | B127: 115
...

Sheet Tổ 8
A1: THỐNG KÊ HÌNH SỰ LIÊN NGÀNH Kỳ thống kê tháng …. năm 2026
A3: Tiêu chí | B3: Mã | C3: Số
B4: dòng | C4: liệu
A5: I. TIẾP NHẬN, GIẢI QUYẾT TỐ GIÁC, TIN BÁO VỀ TỘI PHẠM VÀ KIẾN NGHỊ KHỞI TỐ
A6: Số tố giác, tin báo về tội phạm, kiến nghị khởi tố mới nhận | B6: 1 | C6: 6
A7: Tổng số tố giác, tin báo về tội phạm, kiến nghị khởi tố phải giải quyết | B7: 2 | C7: 6
A8: Số tố giác, tin báo về tội phạm, kiến nghị khởi tố đã quyết định khởi tố vụ án hình sự | B8: 3 | C8: 6
A9: Số tố giác, tin báo về tội phạm, kiến nghị khởi tố quyết định không khởi tố vụ án hình sự | B9: 4 | C9: 0
A10: Số tố giác, tin báo về tội phạm, kiến nghị khởi tố tạm đình chỉ việc giải quyết trong kỳ thống kê | B10: 5 | C10: 0
A11: Tổng số tố giác, tin báo về tội phạm, kiến nghị khởi tố tạm đình chỉ giải quyết tính đến cuối kỳ thống kê | B11: 6 | C11: 0
A12: Số tố giác, tin báo về tội phạm, kiến nghị khởi tố cuối kỳ chưa giải quyết xong | B12: 7 | C12: 4
A13: Trong đó: Số tố giác, tin báo về tội phạm, kiến nghị khởi tố đã quá hạn | B13: 8 | C13: 0
A14: Số quyết định VKS hủy bỏ các lệnh, quyết định không có căn cứ và trái pháp luật của CQĐT, cơ quan được giao nhiệm vụ tiến hành một số hoạt động điều tra | B14: 9 | C14: 0
A15: Số bản kiến nghị của VKS ban hành kiến nghị CQĐT, cơ quan được giao nhiệm vụ tiến hành một số hoạt động điều tra được chấp nhận | B15: 10 | C15: 0
A16: II. KHỞI TỐ, ĐIỀU TRA VÀ KIỂM SÁT ĐIỀU TRA CÁC VỤ ÁN HÌNH SỰ
A17: Số vụ án mới khởi tố | B17: 11 | C17: 6
A18: Số bị can mới khởi tố | B18: 12 | C18: 4
A19: Tổng số vụ án thụ lý điều tra | B19: 13 | C19: 78
A20: Tổng số bị can thụ lý điều tra | B20: 14 | C20: 95
A21: Số vụ án đề nghị truy tố | B21: 15 | C21: 3
A22: Số bị can đề nghị truy tố | B22: 16 | C22: 14
A23: Số vụ án CQĐT đình chỉ điều tra | B23: 17 | C23: 0
A24: Số bị can CQĐT đình chỉ điều tra | B24: 18 | C24: 0
A25: Trong đó: - Số bị can đình chỉ điều tra do không có sự việc phạm tội (theo K1 Đ157 BLTTHS) - (không tính trường hợp đình chỉ do bị can bị tâm thần). | B25: 19 | C25: 0
A26: - Số bị can đình chỉ điều tra do hành vi không cấu thành tội phạm (theo K2 Đ157 BLTTHS) - (không tính trường hợp đình chỉ do bị can bị tâm thần). | B26: 20 | C26: 0
A27: - Số bị can đình chỉ vì hết thời hạn điều tra mà không chứng minh được bị can đã thực hiện tội phạm (theo điểm b K1 Đ230 BLTTHS) | B27: 21 | C27: 0
A28: - Số bị can đình chỉ do được miễn trách nhiệm hình sự theo K1 Đ29 BLHS | B28: 22 | C28: 0
... A37: Số bản kiến nghị của VKS ban hành kiến nghị CQĐT, cơ quan được giao nhiệm vụ tiến hành một số hoạt động điều tra được chấp nhận | B37: 31 | C37: 0
A38: III. QUYẾT ĐỊNH VIỆC TRUY TỐ
A39: Số vụ án mới thụ lý | B39: 32
A40: Số bị can mới thụ lý | B40: 33
A41: Tổng số vụ án VKS thụ lý giải quyết | B41: 34
A42: Tổng số bị can VKS thụ lý giải quyết | B42: 35
A43: Số vụ án truy tố | B43: 36
A44: Số bị can truy tố | B44: 37
A45: Số vụ án VKS quyết định không truy tố và ra quyết định đình chỉ | B45: 38
A46: Trong đó: Số vụ án Toà án trả hồ sơ cho VKS để điều tra bổ sung nhưng sau đó đình chỉ | B46: 39
A47: Số bị can VKS quyết định không truy tố và ra quyết định đình chỉ vụ án đối với bị can | B47: 40
A48: Trong đó: - Số bị can đình chỉ điều tra do không có sự việc phạm tội (theo K1 Đ157 BLTTHS) | B48: 41
A49: - Số bị can đình chỉ điều tra do hành vi không cấu thành tội phạm (theo K2 Đ157 BLTTHS) | B49: 42
A50: - Số bị can đình chỉ do được miễn trách nhiệm hình sự theo K1 Đ29 BLHS | B50: 43
... A59: Số quyết định VKS hủy bỏ quyết định của CQĐT do không có căn cứ và trái pháp luật của CQĐT | B59: 52
A60: IV. XÉT XỬ
A61: 1. Xét xử sơ thẩm
A62: Số vụ án mới thụ lý xét xử sơ thẩm | B62: 53
A63: Số bị cáo mới thụ lý xét xử sơ thẩm | B63: 54
A64: Tổng số vụ án Tòa án thụ lý xét xử sơ thẩm | B64: 55
A65: Tổng số bị cáo Tòa án thụ lý xét xử sơ thẩm | B65: 56
A66: Số vụ án đã xét xử sơ thẩm | B66: 57
A67: Số bị cáo đã xét xử sơ thẩm | B67: 58
A68: Trong đó: Số bị cáo Toà án sơ thẩm tuyên không phạm tội | B68: 59
A69: Tổng số vụ án Toà án tạm đình chỉ tính đến cuối kỳ thống kê | B69: 60
A70: Tổng số bị cáo Toà án tạm đình chỉ tính đến cuối kỳ thống kê | B70: 61
A71: Số vụ án còn lại chưa giải quyết | B71: 62
A72: Trong đó: Số vụ án còn lại chưa giải quyết đã quá hạn luật định | B72: 63
A73: Số bị cáo còn lại chưa giải quyết | B73: 64
... A76: Số bản kiến nghị của VKS với Toà án yêu cầu khắc phục vi phạm trong hoạt động xét xử sơ thẩm được chấp nhận | B76: 67
A77: 2. Xét xử phúc thẩm
A78: Số vụ án mới thụ lý xét xử phúc thẩm | B78: 68
A79: Số bị cáo mới thụ lý xét xử phúc thẩm | B79: 69
A80: Tổng số vụ án Tòa án thụ lý xét xử phúc thẩm | B80: 70
A81: Tổng số bị cáo Tòa án thụ lý xét xử phúc thẩm | B81: 71
A82: Số vụ án đã xét xử phúc thẩm | B82: 72
A83: Trong đó: - Số vụ án do VKS kháng nghị | B83: 73
A84: - Số vụ án Tòa án xử chấp nhận kháng nghị của VKS | B84: 74
A85: Tr đó: + Số vụ án bị Tòa án cấp phúc thẩm tuyên sửa bản án, quyết định sơ thẩm | B85: 75
A86: + Số vụ án bị Tòa án cấp phúc thẩm hủy bản án, quyết định | B86: 76
A87: Tr.đó:++ Số vụ án Tòa án hủy bản án, quyết định sơ thẩm để điều tra lại | B87: 77
A88: ++ Số vụ án Tòa án hủy bản án, quyết định sơ thẩm để xét xử lại | B88: 78
A89: ++ Số vụ án Tòa án hủy bản án, quyết định sơ thẩm và đình chỉ vụ án | B89: 79
... A102: Số bản kiến nghị của VKS với Tòa án yêu cầu khắc phục vi phạm trong hoạt động xét xử phúc thẩm được chấp nhận | B102: 92
A103: 3. Giải quyết theo thủ tục giám đốc thẩm
A104: Số vụ án mới thụ lý | B104: 93
A105: Số bị cáo mới thụ lý | B105: 94
A106: Tổng số vụ án Tòa án thụ lý giám đốc thẩm | B106: 95
A107: Tổng số bị cáo Tòa án thụ lý giám đốc thẩm | B107: 96
A108: Số vụ án Toà án đã giải quyết | B108: 97
A109: Trong đó: Số vụ án do VKS kháng nghị được Tòa án chấp nhận | B109: 98
A110: Số bị cáo Toà án đã giải quyết | B110: 99
A111: Số bị cáo VKS kháng nghị được Tòa án chấp nhận | B111: 100
A112: Trong đó:- Số bị cáo sửa bản án, quyết định | B112: 101
A113: - Số bị cáo Toà án huỷ bản án, quyết định | B113: 102
A114: Tr.đó:+ Số bị cáo Toà án huỷ bản án, quyết định để điều tra lại | B114: 103
A115: + Số bị cáo Toà án huỷ bản án, quyết định để xét xử sơ thẩm lại | B115: 104
... A120: Số bản kiến nghị của VKS với Toà án yêu cầu khắc phục vi phạm trong hoạt động xét xử giám đốc thẩm được chấp nhận | B120: 109
A121: 4. Giải quyết theo thủ tục tái thẩm
A122: Số vụ án mới thụ lý | B122: 110
A123: Số bị cáo mới thụ lý | B123: 111
A124: Tổng số vụ án Tòa án thụ lý tái thẩm | B124: 112
A125: Tổng số bị cáo Tòa án thụ lý tái thẩm | B125: 113
A126: Số vụ án Tòa án đã giải quyết | B126: 114
A127: Số vụ án kháng nghị của VKS được Tòa án chấp nhận | B127: 115
A128: Số bị cáo Toà án đã giải quyết | B128: 116
A129: Số bị cáo kháng nghị của VKS được Tòa án chấp nhận | B129: 117
A130: Trong đó:+ Số bị cáo Toà án huỷ bản án, quyết định để điều tra lại | B130: 118
A131: + Số bị cáo Toà án huỷ bản án, quyết định để xét xử lại | B131: 119
A132: + Số bị cáo Toà án huỷ bản án, quyết định và đình chỉ vụ án | B132: 120
A133: Số vụ án còn lại cuối kỳ chưa giải quyết tái thẩm | B133: 121
... A135: Số bản kiến nghị của VKS với Toà án yêu cầu khắc phục vi phạm trong hoạt động tái thẩm được chấp nhận | B135: 123
A136: V. Tạm giữ, tạm giam và thi hành án hình sự
...

Sheet Tổ 9
A1: THỐNG KÊ HÌNH SỰ LIÊN NGÀNH Kỳ thống kê tháng …. năm 2026
A3: Tiêu chí | B3: Mã | C3: Số
B4: dòng | C4: liệu
A5: I. TIẾP NHẬN, GIẢI QUYẾT TỐ GIÁC, TIN BÁO VỀ TỘI PHẠM VÀ KIẾN NGHỊ KHỞI TỐ
A6: Số tố giác, tin báo về tội phạm, kiến nghị khởi tố mới nhận | B6: 1 | C6: 10
A7: Tổng số tố giác, tin báo về tội phạm, kiến nghị khởi tố phải giải quyết | B7: 2 | C7: 59
A8: Số tố giác, tin báo về tội phạm, kiến nghị khởi tố đã quyết định khởi tố vụ án hình sự | B8: 3 | C8: 7
A9: Số tố giác, tin báo về tội phạm, kiến nghị khởi tố quyết định không khởi tố vụ án hình sự | B9: 4 | C9: 1
A10: Số tố giác, tin báo về tội phạm, kiến nghị khởi tố tạm đình chỉ việc giải quyết trong kỳ thống kê | B10: 5 | C10: 5
A11: Tổng số tố giác, tin báo về tội phạm, kiến nghị khởi tố tạm đình chỉ giải quyết tính đến cuối kỳ thống kê | B11: 6 | C11: 54
A12: Số tố giác, tin báo về tội phạm, kiến nghị khởi tố cuối kỳ chưa giải quyết xong | B12: 7 | C12: 46
A13: Trong đó: Số tố giác, tin báo về tội phạm, kiến nghị khởi tố đã quá hạn | B13: 8 | C13: 0
A14: Số quyết định VKS hủy bỏ các lệnh, quyết định không có căn cứ và trái pháp luật của CQĐT, cơ quan được giao nhiệm vụ tiến hành một số hoạt động điều tra | B14: 9 | C14: 0
A15: Số bản kiến nghị của VKS ban hành kiến nghị CQĐT, cơ quan được giao nhiệm vụ tiến hành một số hoạt động điều tra được chấp nhận | B15: 10 | C15: 0
A16: II. KHỞI TỐ, ĐIỀU TRA VÀ KIỂM SÁT ĐIỀU TRA CÁC VỤ ÁN HÌNH SỰ
A17: Số vụ án mới khởi tố | B17: 11 | C17: 12
A18: Số bị can mới khởi tố | B18: 12 | C18: 25
A19: Tổng số vụ án thụ lý điều tra | B19: 13 | C19: 203
A20: Tổng số bị can thụ lý điều tra | B20: 14 | C20: 140
A21: Số vụ án đề nghị truy tố | B21: 15 | C21: 3
A22: Số bị can đề nghị truy tố | B22: 16 | C22: 13
A23: Số vụ án CQĐT đình chỉ điều tra | B23: 17
A24: Số bị can CQĐT đình chỉ điều tra | B24: 18
A25: Trong đó: - Số bị can đình chỉ điều tra do không có sự việc phạm tội (theo K1 Đ157 BLTTHS) - (không tính trường hợp đình chỉ do bị can bị tâm thần). | B25: 19
A26: - Số bị can đình chỉ điều tra do hành vi không cấu thành tội phạm (theo K2 Đ157 BLTTHS) - (không tính trường hợp đình chỉ do bị can bị tâm thần). | B26: 20
A27: - Số bị can đình chỉ vì hết thời hạn điều tra mà không chứng minh được bị can đã thực hiện tội phạm (theo điểm b K1 Đ230 BLTTHS) | B27: 21
A28: - Số bị can đình chỉ do được miễn trách nhiệm hình sự theo K1 Đ29 BLHS | B28: 22
A29: - Số bị can đình chỉ do được miễn trách nhiệm hình sự theo K2 Đ29 BLHS | B29: 23
A30: - Số bị can đình chỉ điều tra do được miễn trách nhiệm hình sự theo K3 Đ29 BLHS | B30: 24
A31: Tổng số vụ án CQĐT ra quyết định tạm đình chỉ điều tra còn lại tính đến cuối kỳ thống kê | B31: 25
A32: Tổng số bị can CQĐT ra quyết định tạm đình chỉ điều tra còn lại tính đến cuối kỳ thống kê | B32: 26
A33: Số vụ án còn lại chưa kết thúc điều tra | B33: 27
A34: Trong đó:Số vụ án chưa kết thúc điều tra đã quá thời hạn luật định | B34: 28
... A37: Số bản kiến nghị của VKS ban hành kiến nghị CQĐT, cơ quan được giao nhiệm vụ tiến hành một số hoạt động điều tra được chấp nhận | B37: 31
A38: III. QUYẾT ĐỊNH VIỆC TRUY TỐ
A39: Số vụ án mới thụ lý | B39: 32
A40: Số bị can mới thụ lý | B40: 33
A41: Tổng số vụ án VKS thụ lý giải quyết | B41: 34
A42: Tổng số bị can VKS thụ lý giải quyết | B42: 35
A43: Số vụ án truy tố | B43: 36
A44: Số bị can truy tố | B44: 37
A45: Số vụ án VKS quyết định không truy tố và ra quyết định đình chỉ | B45: 38
A46: Trong đó: Số vụ án Toà án trả hồ sơ cho VKS để điều tra bổ sung nhưng sau đó đình chỉ | B46: 39
A47: Số bị can VKS quyết định không truy tố và ra quyết định đình chỉ vụ án đối với bị can | B47: 40
A48: Trong đó: - Số bị can đình chỉ điều tra do không có sự việc phạm tội (theo K1 Đ157 BLTTHS) | B48: 41
A49: - Số bị can đình chỉ điều tra do hành vi không cấu thành tội phạm (theo K2 Đ157 BLTTHS) | B49: 42
A50: - Số bị can đình chỉ do được miễn trách nhiệm hình sự theo K1 Đ29 BLHS | B50: 43
... A59: Số quyết định VKS hủy bỏ quyết định của CQĐT do không có căn cứ và trái pháp luật của CQĐT | B59: 52
A60: IV. XÉT XỬ
A61: 1. Xét xử sơ thẩm
A62: Số vụ án mới thụ lý xét xử sơ thẩm | B62: 53
A63: Số bị cáo mới thụ lý xét xử sơ thẩm | B63: 54
A64: Tổng số vụ án Tòa án thụ lý xét xử sơ thẩm | B64: 55
A65: Tổng số bị cáo Tòa án thụ lý xét xử sơ thẩm | B65: 56
A66: Số vụ án đã xét xử sơ thẩm | B66: 57
A67: Số bị cáo đã xét xử sơ thẩm | B67: 58
A68: Trong đó: Số bị cáo Toà án sơ thẩm tuyên không phạm tội | B68: 59
A69: Tổng số vụ án Toà án tạm đình chỉ tính đến cuối kỳ thống kê | B69: 60
A70: Tổng số bị cáo Toà án tạm đình chỉ tính đến cuối kỳ thống kê | B70: 61
A71: Số vụ án còn lại chưa giải quyết | B71: 62
A72: Trong đó: Số vụ án còn lại chưa giải quyết đã quá hạn luật định | B72: 63
A73: Số bị cáo còn lại chưa giải quyết | B73: 64
... A76: Số bản kiến nghị của VKS với Toà án yêu cầu khắc phục vi phạm trong hoạt động xét xử sơ thẩm được chấp nhận | B76: 67
A77: 2. Xét xử phúc thẩm
A78: Số vụ án mới thụ lý xét xử phúc thẩm | B78: 68
A79: Số bị cáo mới thụ lý xét xử phúc thẩm | B79: 69
A80: Tổng số vụ án Tòa án thụ lý xét xử phúc thẩm | B80: 70
A81: Tổng số bị cáo Tòa án thụ lý xét xử phúc thẩm | B81: 71
A82: Số vụ án đã xét xử phúc thẩm | B82: 72
A83: Trong đó: - Số vụ án do VKS kháng nghị | B83: 73
A84: - Số vụ án Tòa án xử chấp nhận kháng nghị của VKS | B84: 74
A85: Tr đó: + Số vụ án bị Tòa án cấp phúc thẩm tuyên sửa bản án, quyết định sơ thẩm | B85: 75
A86: + Số vụ án bị Tòa án cấp phúc thẩm hủy bản án, quyết định | B86: 76
A87: Tr.đó:++ Số vụ án Tòa án hủy bản án, quyết định sơ thẩm để điều tra lại | B87: 77
A88: ++ Số vụ án Tòa án hủy bản án, quyết định sơ thẩm để xét xử lại | B88: 78
A89: ++ Số vụ án Tòa án hủy bản án, quyết định sơ thẩm và đình chỉ vụ án | B89: 79
... A102: Số bản kiến nghị của VKS với Tòa án yêu cầu khắc phục vi phạm trong hoạt động xét xử phúc thẩm được chấp nhận | B102: 92
A103: 3. Giải quyết theo thủ tục giám đốc thẩm
A104: Số vụ án mới thụ lý | B104: 93
A105: Số bị cáo mới thụ lý | B105: 94
A106: Tổng số vụ án Tòa án thụ lý giám đốc thẩm | B106: 95
A107: Tổng số bị cáo Tòa án thụ lý giám đốc thẩm | B107: 96
A108: Số vụ án Toà án đã giải quyết | B108: 97
A109: Trong đó: Số vụ án do VKS kháng nghị được Tòa án chấp nhận | B109: 98
A110: Số bị cáo Toà án đã giải quyết | B110: 99
A111: Số bị cáo VKS kháng nghị được Tòa án chấp nhận | B111: 100
A112: Trong đó:- Số bị cáo sửa bản án, quyết định | B112: 101
A113: - Số bị cáo Toà án huỷ bản án, quyết định | B113: 102
A114: Tr.đó:+ Số bị cáo Toà án huỷ bản án, quyết định để điều tra lại | B114: 103
A115: + Số bị cáo Toà án huỷ bản án, quyết định để xét xử sơ thẩm lại | B115: 104
... A120: Số bản kiến nghị của VKS với Toà án yêu cầu khắc phục vi phạm trong hoạt động xét xử giám đốc thẩm được chấp nhận | B120: 109
A121: 4. Giải quyết theo thủ tục tái thẩm
A122: Số vụ án mới thụ lý | B122: 110
A123: Số bị cáo mới thụ lý | B123: 111
A124: Tổng số vụ án Tòa án thụ lý tái thẩm | B124: 112
A125: Tổng số bị cáo Tòa án thụ lý tái thẩm | B125: 113
A126: Số vụ án Tòa án đã giải quyết | B126: 114
A127: Số vụ án kháng nghị của VKS được Tòa án chấp nhận | B127: 115
A128: Số bị cáo Toà án đã giải quyết | B128: 116
A129: Số bị cáo kháng nghị của VKS được Tòa án chấp nhận | B129: 117
...

Sheet Tổ 10
A1: THỐNG KÊ HÌNH SỰ LIÊN NGÀNH Kỳ thống kê tháng …. năm 2026
A3: Tiêu chí | B3: Mã | C3: Số
B4: dòng | C4: liệu
A5: I. TIẾP NHẬN, GIẢI QUYẾT TỐ GIÁC, TIN BÁO VỀ TỘI PHẠM VÀ KIẾN NGHỊ KHỞI TỐ
A6: Số tố giác, tin báo về tội phạm, kiến nghị khởi tố mới nhận | B6: 1 | C6: 14
A7: Tổng số tố giác, tin báo về tội phạm, kiến nghị khởi tố phải giải quyết | B7: 2 | C7: 37
A8: Số tố giác, tin báo về tội phạm, kiến nghị khởi tố đã quyết định khởi tố vụ án hình sự | B8: 3 | C8: 5
A9: Số tố giác, tin báo về tội phạm, kiến nghị khởi tố quyết định không khởi tố vụ án hình sự | B9: 4 | C9: 0
A10: Số tố giác, tin báo về tội phạm, kiến nghị khởi tố tạm đình chỉ việc giải quyết trong kỳ thống kê | B10: 5 | C10: 0
A11: Tổng số tố giác, tin báo về tội phạm, kiến nghị khởi tố tạm đình chỉ giải quyết tính đến cuối kỳ thống kê | B11: 6 | C11: 341
A12: Số tố giác, tin báo về tội phạm, kiến nghị khởi tố cuối kỳ chưa giải quyết xong | B12: 7 | C12: 32
A13: Trong đó: Số tố giác, tin báo về tội phạm, kiến nghị khởi tố đã quá hạn | B13: 8 | C13: 0
A14: Số quyết định VKS hủy bỏ các lệnh, quyết định không có căn cứ và trái pháp luật của CQĐT, cơ quan được giao nhiệm vụ tiến hành một số hoạt động điều tra | B14: 9 | C14: 0
A15: Số bản kiến nghị của VKS ban hành kiến nghị CQĐT, cơ quan được giao nhiệm vụ tiến hành một số hoạt động điều tra được chấp nhận | B15: 10 | C15: 0
A16: II. KHỞI TỐ, ĐIỀU TRA VÀ KIỂM SÁT ĐIỀU TRA CÁC VỤ ÁN HÌNH SỰ
A17: Số vụ án mới khởi tố | B17: 11 | C17: 5
A18: Số bị can mới khởi tố | B18: 12 | C18: 14
A19: Tổng số vụ án thụ lý điều tra | B19: 13 | C19: 86
A20: Tổng số bị can thụ lý điều tra | B20: 14 | C20: 94
A21: Số vụ án đề nghị truy tố | B21: 15 | C21: 8
A22: Số bị can đề nghị truy tố | B22: 16 | C22: 19
A23: Số vụ án CQĐT đình chỉ điều tra | B23: 17 | C23: 0
A24: Số bị can CQĐT đình chỉ điều tra | B24: 18 | C24: 0
A25: Trong đó: - Số bị can đình chỉ điều tra do không có sự việc phạm tội (theo K1 Đ157 BLTTHS) - (không tính trường hợp đình chỉ do bị can bị tâm thần). | B25: 19
A26: - Số bị can đình chỉ điều tra do hành vi không cấu thành tội phạm (theo K2 Đ157 BLTTHS) - (không tính trường hợp đình chỉ do bị can bị tâm thần). | B26: 20
A27: - Số bị can đình chỉ vì hết thời hạn điều tra mà không chứng minh được bị can đã thực hiện tội phạm (theo điểm b K1 Đ230 BLTTHS) | B27: 21
A28: - Số bị can đình chỉ do được miễn trách nhiệm hình sự theo K1 Đ29 BLHS | B28: 22
A29: - Số bị can đình chỉ do được miễn trách nhiệm hình sự theo K2 Đ29 BLHS | B29: 23
A30: - Số bị can đình chỉ điều tra do được miễn trách nhiệm hình sự theo K3 Đ29 BLHS | B30: 24
A31: Tổng số vụ án CQĐT ra quyết định tạm đình chỉ điều tra còn lại tính đến cuối kỳ thống kê | B31: 25 | C31: 1105
A32: Tổng số bị can CQĐT ra quyết định tạm đình chỉ điều tra còn lại tính đến cuối kỳ thống kê | B32: 26 | C32: 86
A33: Số vụ án còn lại chưa kết thúc điều tra | B33: 27 | C33: 73
A34: Trong đó:Số vụ án chưa kết thúc điều tra đã quá thời hạn luật định | B34: 28 | C34: 0
A35: Số bị can còn lại chưa kết thúc điều tra | B35: 29 | C35: 73
A36: Số quyết định VKS hủy bỏ các lệnh, quyết định không có căn cứ và trái pháp luật của CQĐT, cơ quan được giao nhiệm vụ tiến hành một số hoạt động điều tra | B36: 30 | C36: 0
A37: Số bản kiến nghị của VKS ban hành kiến nghị CQĐT, cơ quan được giao nhiệm vụ tiến hành một số hoạt động điều tra được chấp nhận | B37: 31 | C37: 0
A38: III. QUYẾT ĐỊNH VIỆC TRUY TỐ
A39: Số vụ án mới thụ lý | B39: 32 | C39: =SUM(#REF!) -> #REF!
A40: Số bị can mới thụ lý | B40: 33 | C40: =SUM(#REF!) -> #REF!
A41: Tổng số vụ án VKS thụ lý giải quyết | B41: 34 | C41: =SUM(#REF!) -> #REF!
A42: Tổng số bị can VKS thụ lý giải quyết | B42: 35 | C42: =SUM(#REF!) -> #REF!
A43: Số vụ án truy tố | B43: 36 | C43: =SUM(#REF!) -> #REF!
A44: Số bị can truy tố | B44: 37 | C44: =SUM(#REF!) -> #REF!
A45: Số vụ án VKS quyết định không truy tố và ra quyết định đình chỉ | B45: 38 | C45: =SUM(#REF!) -> #REF!
A46: Trong đó: Số vụ án Toà án trả hồ sơ cho VKS để điều tra bổ sung nhưng sau đó đình chỉ | B46: 39 | C46: =SUM(#REF!) -> #REF!
A47: Số bị can VKS quyết định không truy tố và ra quyết định đình chỉ vụ án đối với bị can | B47: 40 | C47: =SUM(#REF!) -> #REF!
A48: Trong đó: - Số bị can đình chỉ điều tra do không có sự việc phạm tội (theo K1 Đ157 BLTTHS) | B48: 41 | C48: =SUM(#REF!) -> #REF!
A49: - Số bị can đình chỉ điều tra do hành vi không cấu thành tội phạm (theo K2 Đ157 BLTTHS) | B49: 42 | C49: =SUM(#REF!) -> #REF!
A50: - Số bị can đình chỉ do được miễn trách nhiệm hình sự theo K1 Đ29 BLHS | B50: 43 | C50: =SUM(#REF!) -> #REF!
... A59: Số quyết định VKS hủy bỏ quyết định của CQĐT do không có căn cứ và trái pháp luật của CQĐT | B59: 52 | C59: =SUM(#REF!) -> #REF!
A60: IV. XÉT XỬ
A61: 1. Xét xử sơ thẩm
A62: Số vụ án mới thụ lý xét xử sơ thẩm | B62: 53 | C62: =SUM(#REF!) -> #REF!
A63: Số bị cáo mới thụ lý xét xử sơ thẩm | B63: 54 | C63: =SUM(#REF!) -> #REF!
A64: Tổng số vụ án Tòa án thụ lý xét xử sơ thẩm | B64: 55 | C64: =SUM(#REF!) -> #REF!
A65: Tổng số bị cáo Tòa án thụ lý xét xử sơ thẩm | B65: 56 | C65: =SUM(#REF!) -> #REF!
A66: Số vụ án đã xét xử sơ thẩm | B66: 57 | C66: =SUM(#REF!) -> #REF!
A67: Số bị cáo đã xét xử sơ thẩm | B67: 58 | C67: =SUM(#REF!) -> #REF!
A68: Trong đó: Số bị cáo Toà án sơ thẩm tuyên không phạm tội | B68: 59 | C68: =SUM(#REF!) -> #REF!
A69: Tổng số vụ án Toà án tạm đình chỉ tính đến cuối kỳ thống kê | B69: 60 | C69: =SUM(#REF!) -> #REF!
A70: Tổng số bị cáo Toà án tạm đình chỉ tính đến cuối kỳ thống kê | B70: 61 | C70: =SUM(#REF!) -> #REF!
A71: Số vụ án còn lại chưa giải quyết | B71: 62 | C71: =SUM(#REF!) -> #REF!
A72: Trong đó: Số vụ án còn lại chưa giải quyết đã quá hạn luật định | B72: 63 | C72: =SUM(#REF!) -> #REF!
A73: Số bị cáo còn lại chưa giải quyết | B73: 64 | C73: =SUM(#REF!) -> #REF!
... A76: Số bản kiến nghị của VKS với Toà án yêu cầu khắc phục vi phạm trong hoạt động xét xử sơ thẩm được chấp nhận | B76: 67 | C76: =SUM(#REF!) -> #REF!
A77: 2. Xét xử phúc thẩm
A78: Số vụ án mới thụ lý xét xử phúc thẩm | B78: 68 | C78: =SUM(#REF!) -> #REF!
A79: Số bị cáo mới thụ lý xét xử phúc thẩm | B79: 69 | C79: =SUM(#REF!) -> #REF!
A80: Tổng số vụ án Tòa án thụ lý xét xử phúc thẩm | B80: 70 | C80: =SUM(#REF!) -> #REF!
A81: Tổng số bị cáo Tòa án thụ lý xét xử phúc thẩm | B81: 71 | C81: =SUM(#REF!) -> #REF!
A82: Số vụ án đã xét xử phúc thẩm | B82: 72 | C82: =SUM(#REF!) -> #REF!
A83: Trong đó: - Số vụ án do VKS kháng nghị | B83: 73 | C83: =SUM(#REF!) -> #REF!
A84: - Số vụ án Tòa án xử chấp nhận kháng nghị của VKS | B84: 74 | C84: =SUM(#REF!) -> #REF!
A85: Tr đó: + Số vụ án bị Tòa án cấp phúc thẩm tuyên sửa bản án, quyết định sơ thẩm | B85: 75 | C85: =SUM(#REF!) -> #REF!
A86: + Số vụ án bị Tòa án cấp phúc thẩm hủy bản án, quyết định | B86: 76 | C86: =SUM(#REF!) -> #REF!
A87: Tr.đó:++ Số vụ án Tòa án hủy bản án, quyết định sơ thẩm để điều tra lại | B87: 77 | C87: =SUM(#REF!) -> #REF!
A88: ++ Số vụ án Tòa án hủy bản án, quyết định sơ thẩm để xét xử lại | B88: 78 | C88: =SUM(#REF!) -> #REF!
A89: ++ Số vụ án Tòa án hủy bản án, quyết định sơ thẩm và đình chỉ vụ án | B89: 79 | C89: =SUM(#REF!) -> #REF!
... A102: Số bản kiến nghị của VKS với Tòa án yêu cầu khắc phục vi phạm trong hoạt động xét xử phúc thẩm được chấp nhận | B102: 92 | C102: =SUM(#REF!) -> #REF!
A103: 3. Giải quyết theo thủ tục giám đốc thẩm
A104: Số vụ án mới thụ lý | B104: 93 | C104: =SUM(#REF!) -> #REF!
A105: Số bị cáo mới thụ lý | B105: 94 | C105: =SUM(#REF!) -> #REF!
A106: Tổng số vụ án Tòa án thụ lý giám đốc thẩm | B106: 95 | C106: =SUM(#REF!) -> #REF!
A107: Tổng số bị cáo Tòa án thụ lý giám đốc thẩm | B107: 96 | C107: =SUM(#REF!) -> #REF!
A108: Số vụ án Toà án đã giải quyết | B108: 97 | C108: =SUM(#REF!) -> #REF!
A109: Trong đó: Số vụ án do VKS kháng nghị được Tòa án chấp nhận | B109: 98 | C109: =SUM(#REF!) -> #REF!
A110: Số bị cáo Toà án đã giải quyết | B110: 99 | C110: =SUM(#REF!) -> #REF!
A111: Số bị cáo VKS kháng nghị được Tòa án chấp nhận | B111: 100 | C111: =SUM(#REF!) -> #REF!
A112: Trong đó:- Số bị cáo sửa bản án, quyết định | B112: 101 | C112: =SUM(#REF!) -> #REF!
A113: - Số bị cáo Toà án huỷ bản án, quyết định | B113: 102 | C113: =SUM(#REF!) -> #REF!
A114: Tr.đó:+ Số bị cáo Toà án huỷ bản án, quyết định để điều tra lại | B114: 103 | C114: =SUM(#REF!) -> #REF!
A115: + Số bị cáo Toà án huỷ bản án, quyết định để xét xử sơ thẩm lại | B115: 104 | C115: =SUM(#REF!) -> #REF!
... A120: Số bản kiến nghị của VKS với Toà án yêu cầu khắc phục vi phạm trong hoạt động xét xử giám đốc thẩm được chấp nhận | B120: 109 | C120: =SUM(#REF!) -> #REF!
A121: 4. Giải quyết theo thủ tục tái thẩm
A122: Số vụ án mới thụ lý | B122: 110 | C122: =SUM(#REF!) -> #REF!
A123: Số bị cáo mới thụ lý | B123: 111 | C123: =SUM(#REF!) -> #REF!
A124: Tổng số vụ án Tòa án thụ lý tái thẩm | B124: 112 | C124: =SUM(#REF!) -> #REF!
A125: Tổng số bị cáo Tòa án thụ lý tái thẩm | B125: 113 | C125: =SUM(#REF!) -> #REF!
A126: Số vụ án Tòa án đã giải quyết | B126: 114 | C126: =SUM(#REF!) -> #REF!
A127: Số vụ án kháng nghị của VKS được Tòa án chấp nhận | B127: 115 | C127: =SUM(#REF!) -> #REF!
...

Sheet Cơ sở 1
A1: THỐNG KÊ HÌNH SỰ LIÊN NGÀNH Kỳ thống kê tháng …. năm 2026
A3: Tiêu chí | B3: Mã | C3: Số
B4: dòng | C4: liệu
A5: I. TIẾP NHẬN, GIẢI QUYẾT TỐ GIÁC, TIN BÁO VỀ TỘI PHẠM VÀ KIẾN NGHỊ KHỞI TỐ
A6: Số tố giác, tin báo về tội phạm, kiến nghị khởi tố mới nhận | B6: 1 | C6: 42
A7: Tổng số tố giác, tin báo về tội phạm, kiến nghị khởi tố phải giải quyết | B7: 2 | C7: 98
A8: Số tố giác, tin báo về tội phạm, kiến nghị khởi tố đã quyết định khởi tố vụ án hình sự | B8: 3 | C8: 45
A9: Số tố giác, tin báo về tội phạm, kiến nghị khởi tố quyết định không khởi tố vụ án hình sự | B9: 4 | C9: 2
A10: Số tố giác, tin báo về tội phạm, kiến nghị khởi tố tạm đình chỉ việc giải quyết trong kỳ thống kê | B10: 5 | C10: 3
A11: Tổng số tố giác, tin báo về tội phạm, kiến nghị khởi tố tạm đình chỉ giải quyết tính đến cuối kỳ thống kê | B11: 6 | C11: 384
A12: Số tố giác, tin báo về tội phạm, kiến nghị khởi tố cuối kỳ chưa giải quyết xong | B12: 7 | C12: 53
A13: Trong đó: Số tố giác, tin báo về tội phạm, kiến nghị khởi tố đã quá hạn | B13: 8 | C13: 0
A14: Số quyết định VKS hủy bỏ các lệnh, quyết định không có căn cứ và trái pháp luật của CQĐT, cơ quan được giao nhiệm vụ tiến hành một số hoạt động điều tra | B14: 9
A15: Số bản kiến nghị của VKS ban hành kiến nghị CQĐT, cơ quan được giao nhiệm vụ tiến hành một số hoạt động điều tra được chấp nhận | B15: 10
A16: II. KHỞI TỐ, ĐIỀU TRA VÀ KIỂM SÁT ĐIỀU TRA CÁC VỤ ÁN HÌNH SỰ
A17: Số vụ án mới khởi tố | B17: 11 | C17: 32
A18: Số bị can mới khởi tố | B18: 12 | C18: 30
A19: Tổng số vụ án thụ lý điều tra | B19: 13 | C19: 262
A20: Tổng số bị can thụ lý điều tra | B20: 14 | C20: 360
A21: Số vụ án đề nghị truy tố | B21: 15 | C21: 35
A22: Số bị can đề nghị truy tố | B22: 16 | C22: 109
A23: Số vụ án CQĐT đình chỉ điều tra | B23: 17 | C23: 2
A24: Số bị can CQĐT đình chỉ điều tra | B24: 18 | C24: 1
A25: Trong đó: - Số bị can đình chỉ điều tra do không có sự việc phạm tội (theo K1 Đ157 BLTTHS) - (không tính trường hợp đình chỉ do bị can bị tâm thần). | B25: 19
A26: - Số bị can đình chỉ điều tra do hành vi không cấu thành tội phạm (theo K2 Đ157 BLTTHS) - (không tính trường hợp đình chỉ do bị can bị tâm thần). | B26: 20
A27: - Số bị can đình chỉ vì hết thời hạn điều tra mà không chứng minh được bị can đã thực hiện tội phạm (theo điểm b K1 Đ230 BLTTHS) | B27: 21
A28: - Số bị can đình chỉ do được miễn trách nhiệm hình sự theo K1 Đ29 BLHS | B28: 22
A29: - Số bị can đình chỉ do được miễn trách nhiệm hình sự theo K2 Đ29 BLHS | B29: 23
A30: - Số bị can đình chỉ điều tra do được miễn trách nhiệm hình sự theo K3 Đ29 BLHS | B30: 24
A31: Tổng số vụ án CQĐT ra quyết định tạm đình chỉ điều tra còn lại tính đến cuối kỳ thống kê | B31: 25 | C31: 754
A32: Tổng số bị can CQĐT ra quyết định tạm đình chỉ điều tra còn lại tính đến cuối kỳ thống kê | B32: 26 | C32: 73
A33: Số vụ án còn lại chưa kết thúc điều tra | B33: 27 | C33: 211
A34: Trong đó:Số vụ án chưa kết thúc điều tra đã quá thời hạn luật định | B34: 28 | C34: 0
A35: Số bị can còn lại chưa kết thúc điều tra | B35: 29 | C35: 273
A36: Số quyết định VKS hủy bỏ các lệnh, quyết định không có căn cứ và trái pháp luật của CQĐT, cơ quan được giao nhiệm vụ tiến hành một số hoạt động điều tra | B36: 30
A37: Số bản kiến nghị của VKS ban hành kiến nghị CQĐT, cơ quan được giao nhiệm vụ tiến hành một số hoạt động điều tra được chấp nhận | B37: 31
A38: III. QUYẾT ĐỊNH VIỆC TRUY TỐ
A39: Số vụ án mới thụ lý | B39: 32
A40: Số bị can mới thụ lý | B40: 33
A41: Tổng số vụ án VKS thụ lý giải quyết | B41: 34
A42: Tổng số bị can VKS thụ lý giải quyết | B42: 35
A43: Số vụ án truy tố | B43: 36
A44: Số bị can truy tố | B44: 37
A45: Số vụ án VKS quyết định không truy tố và ra quyết định đình chỉ | B45: 38
A46: Trong đó: Số vụ án Toà án trả hồ sơ cho VKS để điều tra bổ sung nhưng sau đó đình chỉ | B46: 39
A47: Số bị can VKS quyết định không truy tố và ra quyết định đình chỉ vụ án đối với bị can | B47: 40
A48: Trong đó: - Số bị can đình chỉ điều tra do không có sự việc phạm tội (theo K1 Đ157 BLTTHS) | B48: 41
A49: - Số bị can đình chỉ điều tra do hành vi không cấu thành tội phạm (theo K2 Đ157 BLTTHS) | B49: 42
A50: - Số bị can đình chỉ do được miễn trách nhiệm hình sự theo K1 Đ29 BLHS | B50: 43
... A59: Số quyết định VKS hủy bỏ quyết định của CQĐT do không có căn cứ và trái pháp luật của CQĐT | B59: 52
A60: IV. XÉT XỬ
A61: 1. Xét xử sơ thẩm
A62: Số vụ án mới thụ lý xét xử sơ thẩm | B62: 53
A63: Số bị cáo mới thụ lý xét xử sơ thẩm | B63: 54
A64: Tổng số vụ án Tòa án thụ lý xét xử sơ thẩm | B64: 55
A65: Tổng số bị cáo Tòa án thụ lý xét xử sơ thẩm | B65: 56
A66: Số vụ án đã xét xử sơ thẩm | B66: 57
A67: Số bị cáo đã xét xử sơ thẩm | B67: 58
A68: Trong đó: Số bị cáo Toà án sơ thẩm tuyên không phạm tội | B68: 59
A69: Tổng số vụ án Toà án tạm đình chỉ tính đến cuối kỳ thống kê | B69: 60
A70: Tổng số bị cáo Toà án tạm đình chỉ tính đến cuối kỳ thống kê | B70: 61
A71: Số vụ án còn lại chưa giải quyết | B71: 62
A72: Trong đó: Số vụ án còn lại chưa giải quyết đã quá hạn luật định | B72: 63
A73: Số bị cáo còn lại chưa giải quyết | B73: 64
... A76: Số bản kiến nghị của VKS với Toà án yêu cầu khắc phục vi phạm trong hoạt động xét xử sơ thẩm được chấp nhận | B76: 67
A77: 2. Xét xử phúc thẩm
A78: Số vụ án mới thụ lý xét xử phúc thẩm | B78: 68
A79: Số bị cáo mới thụ lý xét xử phúc thẩm | B79: 69
A80: Tổng số vụ án Tòa án thụ lý xét xử phúc thẩm | B80: 70
A81: Tổng số bị cáo Tòa án thụ lý xét xử phúc thẩm | B81: 71
A82: Số vụ án đã xét xử phúc thẩm | B82: 72
A83: Trong đó: - Số vụ án do VKS kháng nghị | B83: 73
A84: - Số vụ án Tòa án xử chấp nhận kháng nghị của VKS | B84: 74
A85: Tr đó: + Số vụ án bị Tòa án cấp phúc thẩm tuyên sửa bản án, quyết định sơ thẩm | B85: 75
A86: + Số vụ án bị Tòa án cấp phúc thẩm hủy bản án, quyết định | B86: 76
A87: Tr.đó:++ Số vụ án Tòa án hủy bản án, quyết định sơ thẩm để điều tra lại | B87: 77
A88: ++ Số vụ án Tòa án hủy bản án, quyết định sơ thẩm để xét xử lại | B88: 78
A89: ++ Số vụ án Tòa án hủy bản án, quyết định sơ thẩm và đình chỉ vụ án | B89: 79
... A102: Số bản kiến nghị của VKS với Tòa án yêu cầu khắc phục vi phạm trong hoạt động xét xử phúc thẩm được chấp nhận | B102: 92
A103: 3. Giải quyết theo thủ tục giám đốc thẩm
A104: Số vụ án mới thụ lý | B104: 93
A105: Số bị cáo mới thụ lý | B105: 94
A106: Tổng số vụ án Tòa án thụ lý giám đốc thẩm | B106: 95
A107: Tổng số bị cáo Tòa án thụ lý giám đốc thẩm | B107: 96
A108: Số vụ án Toà án đã giải quyết | B108: 97
A109: Trong đó: Số vụ án do VKS kháng nghị được Tòa án chấp nhận | B109: 98
A110: Số bị cáo Toà án đã giải quyết | B110: 99
A111: Số bị cáo VKS kháng nghị được Tòa án chấp nhận | B111: 100
A112: Trong đó:- Số bị cáo sửa bản án, quyết định | B112: 101
A113: - Số bị cáo Toà án huỷ bản án, quyết định | B113: 102
A114: Tr.đó:+ Số bị cáo Toà án huỷ bản án, quyết định để điều tra lại | B114: 103
A115: + Số bị cáo Toà án huỷ bản án, quyết định để xét xử sơ thẩm lại | B115: 104
... A120: Số bản kiến nghị của VKS với Toà án yêu cầu khắc phục vi phạm trong hoạt động xét xử giám đốc thẩm được chấp nhận | B120: 109
A121: 4. Giải quyết theo thủ tục tái thẩm
A122: Số vụ án mới thụ lý | B122: 110
A123: Số bị cáo mới thụ lý | B123: 111
A124: Tổng số vụ án Tòa án thụ lý tái thẩm | B124: 112
A125: Tổng số bị cáo Tòa án thụ lý tái thẩm | B125: 113
A126: Số vụ án Tòa án đã giải quyết | B126: 114
A127: Số vụ án kháng nghị của VKS được Tòa án chấp nhận | B127: 115
...

Sheet Cơ sở 2
A1: THỐNG KÊ HÌNH SỰ LIÊN NGÀNH Kỳ thống kê tháng …. năm 2026
A3: Tiêu chí | B3: Mã | C3: Số
B4: dòng | C4: liệu
A5: I. TIẾP NHẬN, GIẢI QUYẾT TỐ GIÁC, TIN BÁO VỀ TỘI PHẠM VÀ KIẾN NGHỊ KHỞI TỐ
A6: Số tố giác, tin báo về tội phạm, kiến nghị khởi tố mới nhận | B6: 1 | C6: 18
A7: Tổng số tố giác, tin báo về tội phạm, kiến nghị khởi tố phải giải quyết | B7: 2 | C7: 20
A8: Số tố giác, tin báo về tội phạm, kiến nghị khởi tố đã quyết định khởi tố vụ án hình sự | B8: 3 | C8: 15
A9: Số tố giác, tin báo về tội phạm, kiến nghị khởi tố quyết định không khởi tố vụ án hình sự | B9: 4 | C9: 1
A10: Số tố giác, tin báo về tội phạm, kiến nghị khởi tố tạm đình chỉ việc giải quyết trong kỳ thống kê | B10: 5 | C10: 1
A11: Tổng số tố giác, tin báo về tội phạm, kiến nghị khởi tố tạm đình chỉ giải quyết tính đến cuối kỳ thống kê | B11: 6 | C11: 186
A12: Số tố giác, tin báo về tội phạm, kiến nghị khởi tố cuối kỳ chưa giải quyết xong | B12: 7 | C12: 21
A13: Trong đó: Số tố giác, tin báo về tội phạm, kiến nghị khởi tố đã quá hạn | B13: 8 | C13: 0
A14: Số quyết định VKS hủy bỏ các lệnh, quyết định không có căn cứ và trái pháp luật của CQĐT, cơ quan được giao nhiệm vụ tiến hành một số hoạt động điều tra | B14: 9 | C14: 0
A15: Số bản kiến nghị của VKS ban hành kiến nghị CQĐT, cơ quan được giao nhiệm vụ tiến hành một số hoạt động điều tra được chấp nhận | B15: 10 | C15: 0
A16: II. KHỞI TỐ, ĐIỀU TRA VÀ KIỂM SÁT ĐIỀU TRA CÁC VỤ ÁN HÌNH SỰ
A17: Số vụ án mới khởi tố | B17: 11 | C17: 15
A18: Số bị can mới khởi tố | B18: 12 | C18: 25
A19: Tổng số vụ án thụ lý điều tra | B19: 13 | C19: 229
A20: Tổng số bị can thụ lý điều tra | B20: 14 | C20: 170
A21: Số vụ án đề nghị truy tố | B21: 15 | C21: 18
A22: Số bị can đề nghị truy tố | B22: 16 | C22: 42
A23: Số vụ án CQĐT đình chỉ điều tra | B23: 17 | C23: 0
A24: Số bị can CQĐT đình chỉ điều tra | B24: 18 | C24: 0
A25: Trong đó: - Số bị can đình chỉ điều tra do không có sự việc phạm tội (theo K1 Đ157 BLTTHS) - (không tính trường hợp đình chỉ do bị can bị tâm thần). | B25: 19 | C25: 0
A26: - Số bị can đình chỉ điều tra do hành vi không cấu thành tội phạm (theo K2 Đ157 BLTTHS) - (không tính trường hợp đình chỉ do bị can bị tâm thần). | B26: 20 | C26: 0
A27: - Số bị can đình chỉ vì hết thời hạn điều tra mà không chứng minh được bị can đã thực hiện tội phạm (theo điểm b K1 Đ230 BLTTHS) | B27: 21 | C27: 0
A28: - Số bị can đình chỉ do được miễn trách nhiệm hình sự theo K1 Đ29 BLHS | B28: 22 | C28: 0
... A37: Số bản kiến nghị của VKS ban hành kiến nghị CQĐT, cơ quan được giao nhiệm vụ tiến hành một số hoạt động điều tra được chấp nhận | B37: 31 | C37: 0
A38: III. QUYẾT ĐỊNH VIỆC TRUY TỐ
A39: Số vụ án mới thụ lý | B39: 32
A40: Số bị can mới thụ lý | B40: 33
A41: Tổng số vụ án VKS thụ lý giải quyết | B41: 34
A42: Tổng số bị can VKS thụ lý giải quyết | B42: 35
A43: Số vụ án truy tố | B43: 36
A44: Số bị can truy tố | B44: 37
A45: Số vụ án VKS quyết định không truy tố và ra quyết định đình chỉ | B45: 38
A46: Trong đó: Số vụ án Toà án trả hồ sơ cho VKS để điều tra bổ sung nhưng sau đó đình chỉ | B46: 39
A47: Số bị can VKS quyết định không truy tố và ra quyết định đình chỉ vụ án đối với bị can | B47: 40
A48: Trong đó: - Số bị can đình chỉ điều tra do không có sự việc phạm tội (theo K1 Đ157 BLTTHS) | B48: 41
A49: - Số bị can đình chỉ điều tra do hành vi không cấu thành tội phạm (theo K2 Đ157 BLTTHS) | B49: 42
A50: - Số bị can đình chỉ do được miễn trách nhiệm hình sự theo K1 Đ29 BLHS | B50: 43
... A59: Số quyết định VKS hủy bỏ quyết định của CQĐT do không có căn cứ và trái pháp luật của CQĐT | B59: 52
A60: IV. XÉT XỬ
A61: 1. Xét xử sơ thẩm
A62: Số vụ án mới thụ lý xét xử sơ thẩm | B62: 53
A63: Số bị cáo mới thụ lý xét xử sơ thẩm | B63: 54
A64: Tổng số vụ án Tòa án thụ lý xét xử sơ thẩm | B64: 55
A65: Tổng số bị cáo Tòa án thụ lý xét xử sơ thẩm | B65: 56
A66: Số vụ án đã xét xử sơ thẩm | B66: 57
A67: Số bị cáo đã xét xử sơ thẩm | B67: 58
A68: Trong đó: Số bị cáo Toà án sơ thẩm tuyên không phạm tội | B68: 59
A69: Tổng số vụ án Toà án tạm đình chỉ tính đến cuối kỳ thống kê | B69: 60
A70: Tổng số bị cáo Toà án tạm đình chỉ tính đến cuối kỳ thống kê | B70: 61
A71: Số vụ án còn lại chưa giải quyết | B71: 62
A72: Trong đó: Số vụ án còn lại chưa giải quyết đã quá hạn luật định | B72: 63
A73: Số bị cáo còn lại chưa giải quyết | B73: 64
... A76: Số bản kiến nghị của VKS với Toà án yêu cầu khắc phục vi phạm trong hoạt động xét xử sơ thẩm được chấp nhận | B76: 67
A77: 2. Xét xử phúc thẩm
A78: Số vụ án mới thụ lý xét xử phúc thẩm | B78: 68
A79: Số bị cáo mới thụ lý xét xử phúc thẩm | B79: 69
A80: Tổng số vụ án Tòa án thụ lý xét xử phúc thẩm | B80: 70
A81: Tổng số bị cáo Tòa án thụ lý xét xử phúc thẩm | B81: 71
A82: Số vụ án đã xét xử phúc thẩm | B82: 72
A83: Trong đó: - Số vụ án do VKS kháng nghị | B83: 73
A84: - Số vụ án Tòa án xử chấp nhận kháng nghị của VKS | B84: 74
A85: Tr đó: + Số vụ án bị Tòa án cấp phúc thẩm tuyên sửa bản án, quyết định sơ thẩm | B85: 75
A86: + Số vụ án bị Tòa án cấp phúc thẩm hủy bản án, quyết định | B86: 76
A87: Tr.đó:++ Số vụ án Tòa án hủy bản án, quyết định sơ thẩm để điều tra lại | B87: 77
A88: ++ Số vụ án Tòa án hủy bản án, quyết định sơ thẩm để xét xử lại | B88: 78
A89: ++ Số vụ án Tòa án hủy bản án, quyết định sơ thẩm và đình chỉ vụ án | B89: 79
... A102: Số bản kiến nghị của VKS với Tòa án yêu cầu khắc phục vi phạm trong hoạt động xét xử phúc thẩm được chấp nhận | B102: 92
A103: 3. Giải quyết theo thủ tục giám đốc thẩm
A104: Số vụ án mới thụ lý | B104: 93
A105: Số bị cáo mới thụ lý | B105: 94
A106: Tổng số vụ án Tòa án thụ lý giám đốc thẩm | B106: 95
A107: Tổng số bị cáo Tòa án thụ lý giám đốc thẩm | B107: 96
A108: Số vụ án Toà án đã giải quyết | B108: 97
A109: Trong đó: Số vụ án do VKS kháng nghị được Tòa án chấp nhận | B109: 98
A110: Số bị cáo Toà án đã giải quyết | B110: 99
A111: Số bị cáo VKS kháng nghị được Tòa án chấp nhận | B111: 100
A112: Trong đó:- Số bị cáo sửa bản án, quyết định | B112: 101
A113: - Số bị cáo Toà án huỷ bản án, quyết định | B113: 102
A114: Tr.đó:+ Số bị cáo Toà án huỷ bản án, quyết định để điều tra lại | B114: 103
A115: + Số bị cáo Toà án huỷ bản án, quyết định để xét xử sơ thẩm lại | B115: 104
... A120: Số bản kiến nghị của VKS với Toà án yêu cầu khắc phục vi phạm trong hoạt động xét xử giám đốc thẩm được chấp nhận | B120: 109
A121: 4. Giải quyết theo thủ tục tái thẩm
A122: Số vụ án mới thụ lý | B122: 110
A123: Số bị cáo mới thụ lý | B123: 111
A124: Tổng số vụ án Tòa án thụ lý tái thẩm | B124: 112
A125: Tổng số bị cáo Tòa án thụ lý tái thẩm | B125: 113
A126: Số vụ án Tòa án đã giải quyết | B126: 114
A127: Số vụ án kháng nghị của VKS được Tòa án chấp nhận | B127: 115
A128: Số bị cáo Toà án đã giải quyết | B128: 116
A129: Số bị cáo kháng nghị của VKS được Tòa án chấp nhận | B129: 117
A130: Trong đó:+ Số bị cáo Toà án huỷ bản án, quyết định để điều tra lại | B130: 118
A131: + Số bị cáo Toà án huỷ bản án, quyết định để xét xử lại | B131: 119
A132: + Số bị cáo Toà án huỷ bản án, quyết định và đình chỉ vụ án | B132: 120
A133: Số vụ án còn lại cuối kỳ chưa giải quyết tái thẩm | B133: 121
... A135: Số bản kiến nghị của VKS với Toà án yêu cầu khắc phục vi phạm trong hoạt động tái thẩm được chấp nhận | B135: 123
A136: V. Tạm giữ, tạm giam và thi hành án hình sự
...
